PID,Process Name,Process Command Line,Process Path,Process SHA-256 Hash,VirusTotal Detection Summary
"19368","ActiveEndpointHash&IPInspectorv1.1.exe","C:\Users\mikew\Downloads\ActiveEndpointInspectorSuitev1.1\ActiveEndpointHash&IPInspectorv1.1.exe","C:\Users\mikew\Downloads\ActiveEndpointInspectorSuitev1.1\ActiveEndpointHash&IPInspectorv1.1.exe","67955d47757ca6bff4d131218af5e4a1e3b455746e1549c5ac36eb00374d349f","We currently don't have any comments that fit your search"
"8336","AggregatorHost.exe","C:\WINDOWS\System32\AggregatorHost.exe","C:\WINDOWS\System32\AggregatorHost.exe","b279fece8c7ab56f84c9a478f2c6d5a280e67f05682c032e3df3eb2e4deaa8a7","No security vendors flagged this file as malicious"
"12004","ApMsgFwd.exe","C:\WINDOWS\system32\DellTPad\ApMsgFwd.exe -s{05FA8492-C047-4207-BE65-780D8591C113}","C:\WINDOWS\system32\DellTPad\ApMsgFwd.exe","79a99d1b53b0ec161ff76c44d1f093cb59838e4a254eda702e2e8a5477b052fd","No security vendors flagged this file as malicious"
"12488","ApntEx.exe","C:\WINDOWS\system32\DellTPad\Apntex.exe","C:\WINDOWS\system32\DellTPad\Apntex.exe","9c89772e86791a1cba4c405dac144c66889f2a5baa0ff5a71ea637a6aa73021e","No security vendors flagged this file as malicious"
"5868","Apoint.exe","C:\WINDOWS\system32\DellTPad\Apoint.exe","C:\WINDOWS\system32\DellTPad\Apoint.exe","1fee7687a95a39216af476887985483c47f991877aed5452e89a9132cb2a79f8","No security vendors flagged this file as malicious"
"11516","ApRemote.exe","C:\WINDOWS\system32\DellTPad\ApRemote.exe","C:\WINDOWS\system32\DellTPad\ApRemote.exe","d6c57cf4618fa1fd1399ed0f79474bc06982f0e6ebb63ff3e2f329aa7572e0e3","No security vendors flagged this file as malicious"
"5128","armsvc.exe","C:\Program Files (x86)\Common Files\Adobe\ARM\1.0\armsvc.exe","C:\Program Files (x86)\Common Files\Adobe\ARM\1.0\armsvc.exe","48f8b40e023e8ae9b60d757d822f0d0ce14e31fec9e35c3ccf776830488496fb","No security vendors flagged this file as malicious"
"4160","audiodg.exe","C:\WINDOWS\system32\AUDIODG.EXE 0x00000000000004D0","C:\WINDOWS\system32\AUDIODG.EXE","0f8725c02604759add5a3b7fa51bb37848cdca9d098f89b8cf09588286a964c4","No security vendors flagged this file as malicious"
"5200","avp.exe","","","",""
"11536","avpui.exe","","","",""
"12596","conhost.exe","C:\WINDOWS\system32\conhost.exe 0x4","C:\WINDOWS\system32\conhost.exe","6651a3beb0df1e66363a950c37dc9305f185d161fb03761e172ccfa0a4ab4f89","No security vendors flagged this file as malicious"
"10652","conhost.exe","C:\WINDOWS\system32\conhost.exe 0x4","C:\WINDOWS\system32\conhost.exe","6651a3beb0df1e66363a950c37dc9305f185d161fb03761e172ccfa0a4ab4f89","No security vendors flagged this file as malicious"
"17340","conhost.exe","C:\WINDOWS\system32\conhost.exe 0x4","C:\WINDOWS\system32\conhost.exe","6651a3beb0df1e66363a950c37dc9305f185d161fb03761e172ccfa0a4ab4f89","No security vendors flagged this file as malicious"
"17368","conhost.exe","C:\WINDOWS\system32\conhost.exe 0x4","C:\WINDOWS\system32\conhost.exe","6651a3beb0df1e66363a950c37dc9305f185d161fb03761e172ccfa0a4ab4f89","No security vendors flagged this file as malicious"
"16284","conhost.exe","C:\WINDOWS\system32\conhost.exe 0x4","C:\WINDOWS\system32\conhost.exe","6651a3beb0df1e66363a950c37dc9305f185d161fb03761e172ccfa0a4ab4f89","No security vendors flagged this file as malicious"
"10928","conhost.exe","C:\WINDOWS\system32\conhost.exe 0x4","C:\WINDOWS\system32\conhost.exe","6651a3beb0df1e66363a950c37dc9305f185d161fb03761e172ccfa0a4ab4f89","No security vendors flagged this file as malicious"
"10684","conhost.exe","C:\WINDOWS\system32\conhost.exe 0x4","C:\WINDOWS\system32\conhost.exe","6651a3beb0df1e66363a950c37dc9305f185d161fb03761e172ccfa0a4ab4f89","No security vendors flagged this file as malicious"
"20408","conhost.exe","","","",""
"16584","crashhelper.exe","C:\Program Files\Mozilla Firefox\crashhelper.exe ""16540"" ""\\.\pipe\gecko-crash-server-pipe.16540"" ""C:\Users\mikew\AppData\Local\Temp\\"" ""928"" ""940""","C:\Program Files\Mozilla Firefox\crashhelper.exe","87ccce171f4a4bbb1bef24b73efca96dbe18eed93e008c5eb3d25197f833d666","No security vendors flagged this file as malicious"
"12548","crashpad_handler.exe","C:\Program Files\TeamViewer\crashpad_handler.exe --no-rate-limit --database=C:\Users\mikew\AppData\Local\TeamViewer\Logs\ErrorReports\GUI --metrics-dir=C:\Users\mikew\AppData\Local\TeamViewer\Logs\ErrorReports\GUI --url=https://errorreporting.teamviewer.com:443/api/2/minidump/?sentry_client=sentry.native/0.9.1&sentry_key=a22ee30ee0e542f6c295fa4f7c615660 --attachment=C:\Users\mikew\AppData\Local\TeamViewer\Logs\ErrorReports\GUI\efdce1c8-a918-47e0-b83b-ebef3752b275.run\__sentry-event --attachment=C:\Users\mikew\AppData\Local\TeamViewer\Logs\ErrorReports\GUI\efdce1c8-a918-47e0-b83b-ebef3752b275.run\__sentry-breadcrumb1 --attachment=C:\Users\mikew\AppData\Local\TeamViewer\Logs\ErrorReports\GUI\efdce1c8-a918-47e0-b83b-ebef3752b275.run\__sentry-breadcrumb2 --initial-client-data=0xa0c,0xa10,0xa14,0xa08,0xa18,0x7ff61d5e3180,0x7ff61d5e3198,0x7ff61d5e31b0","C:\Program Files\TeamViewer\crashpad_handler.exe","0955e5e5670ac902e1bbb464b57c1b91c295c0c8ebdccf216b63d0a5e9725253","No security vendors flagged this file as malicious"
"6720","crashpad_handler.exe","C:\Program Files\TeamViewer\crashpad_handler.exe --no-rate-limit ""--database=C:\Program Files\TeamViewer\ErrorReports\Service"" ""--metrics-dir=C:\Program Files\TeamViewer\ErrorReports\Service"" --url=https://errorreporting.teamviewer.com:443/api/4/minidump/?sentry_client=sentry.native/0.9.1&sentry_key=cd8e0dbb3c0613d4ca1ba29eb8f8c76a ""--attachment=C:\Program Files\TeamViewer\ErrorReports\Service\bccb7761-2982-4a1d-0610-d9735646d49d.run\__sentry-event"" ""--attachment=C:\Program Files\TeamViewer\ErrorReports\Service\bccb7761-2982-4a1d-0610-d9735646d49d.run\__sentry-breadcrumb1"" ""--attachment=C:\Program Files\TeamViewer\ErrorReports\Service\bccb7761-2982-4a1d-0610-d9735646d49d.run\__sentry-breadcrumb2"" --initial-client-data=0x5b4,0x63c,0x660,0x658,0x7e4,0x7ff7836c50c8,0x7ff7836c50e0,0x7ff7836c50f8","C:\Program Files\TeamViewer\crashpad_handler.exe","0955e5e5670ac902e1bbb464b57c1b91c295c0c8ebdccf216b63d0a5e9725253","No security vendors flagged this file as malicious"
"1064","csrss.exe","","","",""
"1208","csrss.exe","","","",""
"8912","ctfmon.exe","C:\WINDOWS\system32\ctfmon.exe","C:\WINDOWS\system32\ctfmon.exe","8c9ac9325acff164270390d32736f06ea53233cdd54e971ae005c4ddeec4d606","No security vendors flagged this file as malicious"
"10672","Dell.CoreServices.Client.exe","C:\Program Files\Dell\TechHub\Dell.CoreServices.Client.exe","C:\Program Files\Dell\TechHub\Dell.CoreServices.Client.exe","87fbd11da8da753a5cace1000cf2332053a57dc3a2e8411851a85244ba3f456d","No security vendors flagged this file as malicious"
"10660","Dell.TechHub.Analytics.SubAgent.exe","C:\Program Files\Dell\DTP\AnalyticsSubAgent\Dell.TechHub.Analytics.SubAgent.exe","C:\Program Files\Dell\DTP\AnalyticsSubAgent\Dell.TechHub.Analytics.SubAgent.exe","d853ce56a3a4ed82964d5c959e60d752339018c8a150831baa58eb2df21e9be4","No security vendors flagged this file as malicious"
"10632","Dell.TechHub.DataManager.SubAgent.exe","C:\Program Files\Dell\DTP\DataManagerSubAgent\Dell.TechHub.DataManager.SubAgent.exe","C:\Program Files\Dell\DTP\DataManagerSubAgent\Dell.TechHub.DataManager.SubAgent.exe","dd4e8d1c9032622aa1207f079cef0a8a745e993aca6f3a52d63f2c4dee19d497","No security vendors flagged this file as malicious"
"5316","Dell.TechHub.Diagnostics.SubAgent.exe","C:\Program Files\Dell\DTP\DiagnosticsSubAgent\Dell.TechHub.Diagnostics.SubAgent.exe","C:\Program Files\Dell\DTP\DiagnosticsSubAgent\Dell.TechHub.Diagnostics.SubAgent.exe","37f52fcf8ca87e8523d787cc3ffb9fb85daa09e3e54bc2454c9fc3a032802242","No security vendors flagged this file as malicious"
"5368","Dell.TechHub.exe","C:\Program Files\Dell\TechHub\Dell.TechHub.exe","C:\Program Files\Dell\TechHub\Dell.TechHub.exe","a56195c596f8812a1739bcdeef26481ad6312c001dc4b09fdc6e33938f51fc20","No security vendors flagged this file as malicious"
"10536","Dell.TechHub.Instrumentation.SubAgent.exe","C:\Program Files\Dell\DTP\InstrumentationSubAgent\Dell.TechHub.Instrumentation.SubAgent.exe","C:\Program Files\Dell\DTP\InstrumentationSubAgent\Dell.TechHub.Instrumentation.SubAgent.exe","dedb2eaf8aac2c5befbe1aa8f13b715a3f8ae60bb0ec5b2e93675b0b5f0929df","No security vendors flagged this file as malicious"
"11004","Dell.TechHub.Instrumentation.UserProcess.exe","C:\Program Files\Dell\DTP\InstrumentationSubAgent\Dell.TechHub.Instrumentation.UserProcess.exe","C:\Program Files\Dell\DTP\InstrumentationSubAgent\Dell.TechHub.Instrumentation.UserProcess.exe","55e33d11b691f5ca6be6076f3d4aef68747f8a58bff1b62020696c2e0cabcebd","No security vendors flagged this file as malicious"
"10640","Dell.Update.SubAgent.exe","C:\Program Files (x86)\Dell\UpdateService\DCF\Dell.Update.SubAgent.exe","C:\Program Files (x86)\Dell\UpdateService\DCF\Dell.Update.SubAgent.exe","d43f29d0eab97e6bc21310b07dd711037425b3e562f59ab2a74367a5c742f0d5","No security vendors flagged this file as malicious"
"5352","DellFFDPWmiService.exe","C:\WINDOWS\System32\drivers\DellFFDPWmiService.exe","C:\WINDOWS\System32\drivers\DellFFDPWmiService.exe","8ceda398ae2240ed7d61be29e31060be4123a5daa89ae1e0f9a0118a7bb0fd44","No security vendors flagged this file as malicious"
"16064","dllhost.exe","C:\WINDOWS\system32\DllHost.exe /Processid:{6C752774-29FB-4E50-8BB1-97098425A77C}","C:\WINDOWS\system32\DllHost.exe","50c9c2edea6c51f1aad2dd80a59f4edb32637f51714f8472d216e5b9bdacdabf","No security vendors flagged this file as malicious"
"1816","dwm.exe","C:\WINDOWS\system32\dwm.exe","C:\WINDOWS\system32\dwm.exe","2c283046e801bd9eb6163003ca049dfc9ba3cffdb9401dcd5516aecb4c6f5510","No security vendors flagged this file as malicious"
"5580","esif_uf.exe","C:\WINDOWS\System32\DriverStore\FileRepository\dptf_cpu.inf_amd64_c2c5b0e17a28a48f\esif_uf.exe","C:\WINDOWS\System32\DriverStore\FileRepository\dptf_cpu.inf_amd64_c2c5b0e17a28a48f\esif_uf.exe","75e93242cfbf6daba641a1ba6f833708fc1c07bc8aae1fc6d5a4929a49d9fe2b","No security vendors flagged this file as malicious"
"12012","explorer.exe","C:\WINDOWS\Explorer.EXE","C:\WINDOWS\Explorer.EXE","11aef65ef73c2d8fdf6688fbbd16f60c1b58641c46405a1b0fb0f9c2c5b35402","No security vendors flagged this file as malicious"
"19324","firefox.exe","C:\Program Files\Mozilla Firefox\firefox.exe -contentproc -isForBrowser -prefsHandle 7388:45750 -prefMapHandle 7184:289467 -jsInitHandle 7596:223968 -parentBuildID 20260105210555 -ipcHandle 8176 -initialChannelId {f3550c86-8efb-41cc-bda5-9c6ec56e1c5e} -parentPid 16540 -crashReporter ""\\.\pipe\gecko-crash-server-pipe.16540"" -crashHelper 8132 -win32kLockedDown -appDir ""C:\Program Files\Mozilla Firefox\browser"" - 15 tab","C:\Program Files\Mozilla Firefox\firefox.exe","642ef4d3cab5f8c3dd7a1e9c9217caa1b62b18427888ed5cf3fd63ec96fbc418","No security vendors flagged this file as malicious"
"16300","firefox.exe","C:\Program Files\Mozilla Firefox\firefox.exe -contentproc -isForBrowser -prefsHandle 7388:45750 -prefMapHandle 8280:289467 -jsInitHandle 8284:223968 -parentBuildID 20260105210555 -ipcHandle 8292 -initialChannelId {b28ba6fc-96ff-4bb7-a52a-d1095df0e1ea} -parentPid 16540 -crashReporter ""\\.\pipe\gecko-crash-server-pipe.16540"" -crashHelper 8300 -win32kLockedDown -appDir ""C:\Program Files\Mozilla Firefox\browser"" - 19 tab","C:\Program Files\Mozilla Firefox\firefox.exe","642ef4d3cab5f8c3dd7a1e9c9217caa1b62b18427888ed5cf3fd63ec96fbc418","No security vendors flagged this file as malicious"
"19172","firefox.exe","C:\Program Files\Mozilla Firefox\firefox.exe -contentproc -isForBrowser -prefsHandle 7588:45750 -prefMapHandle 5912:289467 -jsInitHandle 7756:223968 -parentBuildID 20260105210555 -ipcHandle 6696 -initialChannelId {ef5eb3c5-7ab0-4659-9997-b4dd96220ec5} -parentPid 16540 -crashReporter ""\\.\pipe\gecko-crash-server-pipe.16540"" -crashHelper 7540 -win32kLockedDown -appDir ""C:\Program Files\Mozilla Firefox\browser"" - 16 tab","C:\Program Files\Mozilla Firefox\firefox.exe","642ef4d3cab5f8c3dd7a1e9c9217caa1b62b18427888ed5cf3fd63ec96fbc418","No security vendors flagged this file as malicious"
"17504","firefox.exe","C:\Program Files\Mozilla Firefox\firefox.exe -contentproc -isForBrowser -prefsHandle 7840:45696 -prefMapHandle 3596:289467 -jsInitHandle 4848:223968 -parentBuildID 20260105210555 -ipcHandle 8168 -initialChannelId {db2f0437-a970-46b3-88d0-7bfac1603159} -parentPid 16540 -crashReporter ""\\.\pipe\gecko-crash-server-pipe.16540"" -crashHelper 8188 -win32kLockedDown -appDir ""C:\Program Files\Mozilla Firefox\browser"" - 14 tab","C:\Program Files\Mozilla Firefox\firefox.exe","642ef4d3cab5f8c3dd7a1e9c9217caa1b62b18427888ed5cf3fd63ec96fbc418","No security vendors flagged this file as malicious"
"16792","firefox.exe","C:\Program Files\Mozilla Firefox\firefox.exe -contentproc -parentBuildID 20260105210555 -prefsHandle 2268:41242 -prefMapHandle 2272:289467 -ipcHandle 2280 -initialChannelId {b08fd424-6f22-452b-95f5-815963516f9d} -parentPid 16540 -crashReporter ""\\.\pipe\gecko-crash-server-pipe.16540"" -crashHelper 2288 -win32kLockedDown -appDir ""C:\Program Files\Mozilla Firefox\browser"" - 2 socket","C:\Program Files\Mozilla Firefox\firefox.exe","642ef4d3cab5f8c3dd7a1e9c9217caa1b62b18427888ed5cf3fd63ec96fbc418","No security vendors flagged this file as malicious"
"17660","firefox.exe","C:\Program Files\Mozilla Firefox\firefox.exe -contentproc -parentBuildID 20260105210555 -sandboxingKind 0 -prefsHandle 6596:52796 -prefMapHandle 7028:289467 -ipcHandle 5784 -initialChannelId {89974762-d4ce-4904-aa31-839c4010dde3} -parentPid 16540 -crashReporter ""\\.\pipe\gecko-crash-server-pipe.16540"" -crashHelper 6912 -win32kLockedDown -appDir ""C:\Program Files\Mozilla Firefox\browser"" - 13 utility","C:\Program Files\Mozilla Firefox\firefox.exe","642ef4d3cab5f8c3dd7a1e9c9217caa1b62b18427888ed5cf3fd63ec96fbc418","No security vendors flagged this file as malicious"
"16616","firefox.exe","C:\Program Files\Mozilla Firefox\firefox.exe -contentproc -isForBrowser -prefsHandle 5684:44076 -prefMapHandle 5648:289467 -jsInitHandle 5744:223968 -parentBuildID 20260105210555 -ipcHandle 5740 -initialChannelId {67b46100-fec2-47db-b770-3783dd54fbc9} -parentPid 16540 -crashReporter ""\\.\pipe\gecko-crash-server-pipe.16540"" -crashHelper 5752 -win32kLockedDown -appDir ""C:\Program Files\Mozilla Firefox\browser"" - 8 tab","C:\Program Files\Mozilla Firefox\firefox.exe","642ef4d3cab5f8c3dd7a1e9c9217caa1b62b18427888ed5cf3fd63ec96fbc418","No security vendors flagged this file as malicious"
"13136","firefox.exe","C:\Program Files\Mozilla Firefox\firefox.exe -contentproc -isForBrowser -prefsHandle 6092:44366 -prefMapHandle 6084:289467 -jsInitHandle 6072:223968 -parentBuildID 20260105210555 -ipcHandle 6100 -initialChannelId {6bc815cc-c771-4178-9b00-47a3f10d7f14} -parentPid 16540 -crashReporter ""\\.\pipe\gecko-crash-server-pipe.16540"" -crashHelper 4208 -win32kLockedDown -appDir ""C:\Program Files\Mozilla Firefox\browser"" - 9 tab","C:\Program Files\Mozilla Firefox\firefox.exe","642ef4d3cab5f8c3dd7a1e9c9217caa1b62b18427888ed5cf3fd63ec96fbc418","No security vendors flagged this file as malicious"
"16540","firefox.exe","C:\Program Files\Mozilla Firefox\firefox.exe","C:\Program Files\Mozilla Firefox\firefox.exe","642ef4d3cab5f8c3dd7a1e9c9217caa1b62b18427888ed5cf3fd63ec96fbc418","No security vendors flagged this file as malicious"
"17620","firefox.exe","C:\Program Files\Mozilla Firefox\firefox.exe -contentproc -parentBuildID 20260105210555 -sandboxingKind 1 -prefsHandle 6864:52796 -prefMapHandle 6856:289467 -ipcHandle 6816 -initialChannelId {bfc8457b-1f68-49d2-b2a1-9542c178e44f} -parentPid 16540 -crashReporter ""\\.\pipe\gecko-crash-server-pipe.16540"" -crashHelper 6884 -win32kLockedDown -appDir ""C:\Program Files\Mozilla Firefox\browser"" - 12 utility","C:\Program Files\Mozilla Firefox\firefox.exe","642ef4d3cab5f8c3dd7a1e9c9217caa1b62b18427888ed5cf3fd63ec96fbc418","No security vendors flagged this file as malicious"
"18492","firefox.exe","C:\Program Files\Mozilla Firefox\firefox.exe -contentproc -isForBrowser -prefsHandle 7800:45750 -prefMapHandle 3368:289467 -jsInitHandle 6508:223968 -parentBuildID 20260105210555 -ipcHandle 7680 -initialChannelId {2fb277bb-5600-4da5-a197-4c7e60e41ba7} -parentPid 16540 -crashReporter ""\\.\pipe\gecko-crash-server-pipe.16540"" -crashHelper 6420 -win32kLockedDown -appDir ""C:\Program Files\Mozilla Firefox\browser"" - 18 tab","C:\Program Files\Mozilla Firefox\firefox.exe","642ef4d3cab5f8c3dd7a1e9c9217caa1b62b18427888ed5cf3fd63ec96fbc418","No security vendors flagged this file as malicious"
"16772","firefox.exe","C:\Program Files\Mozilla Firefox\firefox.exe -contentproc -parentBuildID 20260105210555 -prefsHandle 2028:41242 -prefMapHandle 2020:289467 -ipcHandle 2052 -initialChannelId {4e491aff-ed37-4d2e-9bc7-f503f3847ff5} -parentPid 16540 -crashReporter ""\\.\pipe\gecko-crash-server-pipe.16540"" -crashHelper 2060 -appDir ""C:\Program Files\Mozilla Firefox\browser"" - 1 gpu","C:\Program Files\Mozilla Firefox\firefox.exe","642ef4d3cab5f8c3dd7a1e9c9217caa1b62b18427888ed5cf3fd63ec96fbc418","No security vendors flagged this file as malicious"
"15732","firefox.exe","C:\Program Files\Mozilla Firefox\firefox.exe -contentproc -parentBuildID 20260105210555 -prefsHandle 3960:41494 -prefMapHandle 4032:289467 -ipcHandle 4116 -initialChannelId {95fed1b3-772e-4bc8-8f61-72c3ea0bf44d} -parentPid 16540 -crashReporter ""\\.\pipe\gecko-crash-server-pipe.16540"" -crashHelper 4124 -appDir ""C:\Program Files\Mozilla Firefox\browser"" - 4 rdd","C:\Program Files\Mozilla Firefox\firefox.exe","642ef4d3cab5f8c3dd7a1e9c9217caa1b62b18427888ed5cf3fd63ec96fbc418","No security vendors flagged this file as malicious"
"2956","firefox.exe","C:\Program Files\Mozilla Firefox\firefox.exe -contentproc -isForBrowser -prefsHandle 8296:45750 -prefMapHandle 8332:289467 -jsInitHandle 7388:223968 -parentBuildID 20260105210555 -ipcHandle 8496 -initialChannelId {9028917b-943d-4e12-803b-f169dc2f6da5} -parentPid 16540 -crashReporter ""\\.\pipe\gecko-crash-server-pipe.16540"" -crashHelper 8476 -win32kLockedDown -appDir ""C:\Program Files\Mozilla Firefox\browser"" - 20 tab","C:\Program Files\Mozilla Firefox\firefox.exe","642ef4d3cab5f8c3dd7a1e9c9217caa1b62b18427888ed5cf3fd63ec96fbc418","No security vendors flagged this file as malicious"
"14576","firefox.exe","C:\Program Files\Mozilla Firefox\firefox.exe -contentproc -isForBrowser -prefsHandle 4376:41559 -prefMapHandle 4380:289467 -jsInitHandle 4384:223968 -parentBuildID 20260105210555 -ipcHandle 4120 -initialChannelId {5d28960c-b692-4347-8024-241975150096} -parentPid 16540 -crashReporter ""\\.\pipe\gecko-crash-server-pipe.16540"" -crashHelper 4388 -win32kLockedDown -appDir ""C:\Program Files\Mozilla Firefox\browser"" - 5 tab","C:\Program Files\Mozilla Firefox\firefox.exe","642ef4d3cab5f8c3dd7a1e9c9217caa1b62b18427888ed5cf3fd63ec96fbc418","No security vendors flagged this file as malicious"
"1528","fontdrvhost.exe","C:\WINDOWS\system32\fontdrvhost.exe","C:\WINDOWS\system32\fontdrvhost.exe","539d2eb493a65ab225103a8aa088c51ce0ced96041473681b96316e9068f06d2","No security vendors flagged this file as malicious"
"1536","fontdrvhost.exe","C:\WINDOWS\system32\fontdrvhost.exe","C:\WINDOWS\system32\fontdrvhost.exe","539d2eb493a65ab225103a8aa088c51ce0ced96041473681b96316e9068f06d2","No security vendors flagged this file as malicious"
"11804","hidfind.exe","C:\WINDOWS\system32\DellTPad\HidFind.exe","C:\WINDOWS\system32\DellTPad\HidFind.exe","cded7f19ded976677e7bcd5d5cf8d2c72eb2a2a64600c82a176b3223a4b45031","No security vendors flagged this file as malicious"
"5160","HidMonitorSvc.exe","C:\WINDOWS\system32\DellTPad\HidMonitorSvc.exe","C:\WINDOWS\system32\DellTPad\HidMonitorSvc.exe","58e7268d6df4e90688750701012565af16aff3a143277886c896bb8e671cd9d1","No security vendors flagged this file as malicious"
"4748","HostControlService.exe","C:\WINDOWS\System32\HostControlService.exe","C:\WINDOWS\System32\HostControlService.exe","921fb6b019316f5c87c30b17274c0934a50ed8579b362da17b754aa689e76c01","No security vendors flagged this file as malicious"
"4740","HostStorageService.exe","C:\WINDOWS\System32\HostStorageService.exe","C:\WINDOWS\System32\HostStorageService.exe","b7e38ec16ac6bc04d4e730fdf4a47246f54d6af035e6452f689cc5cfe11315d3","No security vendors flagged this file as malicious"
"0","Idle.exe","","","",""
"2904","igfxCUIService.exe","C:\WINDOWS\System32\DriverStore\FileRepository\cui_dch.inf_amd64_0bd497310795eeb4\igfxCUIService.exe","C:\WINDOWS\System32\DriverStore\FileRepository\cui_dch.inf_amd64_0bd497310795eeb4\igfxCUIService.exe","9bcc1672de269e41b64fe16e66c2f0715035aeefe4b21165e553f67ed9e4805a","No security vendors flagged this file as malicious"
"11872","igfxEM.exe","C:\WINDOWS\System32\DriverStore\FileRepository\cui_dch.inf_amd64_0bd497310795eeb4\igfxEM.exe","C:\WINDOWS\System32\DriverStore\FileRepository\cui_dch.inf_amd64_0bd497310795eeb4\igfxEM.exe","7aeb6c90f9659d944890bd17dd670732c19773db53b137c50a4ffa284ba256cf","No security vendors flagged this file as malicious"
"2136","IntelCpHDCPSvc.exe","C:\WINDOWS\System32\DriverStore\FileRepository\iigd_dch.inf_amd64_30c72947a1f2fc36\IntelCpHDCPSvc.exe","C:\WINDOWS\System32\DriverStore\FileRepository\iigd_dch.inf_amd64_30c72947a1f2fc36\IntelCpHDCPSvc.exe","dda4eb6bbb34e367bdaf35f1356d3702a7247fccdd29583dc22fdf7e1ce2d911","No security vendors flagged this file as malicious"
"2668","IntelCpHeciSvc.exe","C:\WINDOWS\System32\DriverStore\FileRepository\iigd_dch.inf_amd64_30c72947a1f2fc36\IntelCpHeciSvc.exe","C:\WINDOWS\System32\DriverStore\FileRepository\iigd_dch.inf_amd64_30c72947a1f2fc36\IntelCpHeciSvc.exe","91e15254153dc37eca321cf44c7ebc0691c961725839683525ed6717198ba2f5","No security vendors flagged this file as malicious"
"20400","invcol.exe","","","",""
"8328","jhi_service.exe","C:\WINDOWS\System32\jhi_service.exe","C:\WINDOWS\System32\jhi_service.exe","06dc78b0daef262a066dbef082f1caa075fa91dde34ab3656c694224f0abb717","No security vendors flagged this file as malicious"
"12184","ksde.exe","C:\Program Files (x86)\Kaspersky Lab\Kaspersky VPN 5.23\ksde.exe -r","C:\Program Files (x86)\Kaspersky Lab\Kaspersky VPN 5.23\ksde.exe","3d92da82031c7a5787e83191bf85eda4c276d7013b8f513dbdb7280bcd03947d","No security vendors flagged this file as malicious"
"11364","ksdeui.exe","C:\Program Files (x86)\Kaspersky Lab\Kaspersky VPN 5.23\ksdeui.exe -hidden","C:\Program Files (x86)\Kaspersky Lab\Kaspersky VPN 5.23\ksdeui.exe","299e69b6ab03f29c6de26421dc9da710e8cd0219f56b914de55108c9878ebd04","No security vendors flagged this file as malicious"
"5564","LMS.exe","C:\WINDOWS\Intel\Intel(R) Management Engine Components\LMS\LMS.exe","C:\WINDOWS\Intel\Intel(R) Management Engine Components\LMS\LMS.exe","ac62e4072c8ca38581a2f7fbd900565440412194eec30ad00d4c591b7c56b8e3","No security vendors flagged this file as malicious"
"1352","LsaIso.exe","","","",""
"1372","lsass.exe","","","",""
"3476","Memory Compression.exe","","","",""
"17848","MicrosoftStartFeedProvider.exe","C:\Program Files\WindowsApps\Microsoft.StartExperiencesApp_1.195.0.0_x64__8wekyb3d8bbwe\MicrosoftStartFeedProvider\MicrosoftStartFeedProvider.exe -Embedding","C:\Program Files\WindowsApps\Microsoft.StartExperiencesApp_1.195.0.0_x64__8wekyb3d8bbwe\MicrosoftStartFeedProvider\MicrosoftStartFeedProvider.exe","28154cc65110b17ba6cff5a7871216cbe76372c807bd63d470fcd00ae025ce39","No security vendors flagged this file as malicious"
"5300","MigrationService.exe","C:\Program Files (x86)\Samsung\Samsung Magician\MigrationService\MigrationService.exe","C:\Program Files (x86)\Samsung\Samsung Magician\MigrationService\MigrationService.exe","372739fc23dfa8bbf2f526556463ee5fb0792ab673afb5d609d322c952e165fc","No security vendors flagged this file as malicious"
"9020","MoUsoCoreWorker.exe","C:\WINDOWS\uus\packages\preview\AMD64\MoUsoCoreWorker.exe useprivatenamespaces","C:\WINDOWS\uus\packages\preview\AMD64\MoUsoCoreWorker.exe","c9a0293d7ac55e1ab855941fb6c25571eb03e21fce330ecff5cdcee8c2141f31","No security vendors flagged this file as malicious"
"1316","MpCmdRun.exe","C:\ProgramData\Microsoft\Windows Defender\Platform\4.18.25110.6-0\MpCmdRun.exe -wdenable","C:\ProgramData\Microsoft\Windows Defender\Platform\4.18.25110.6-0\MpCmdRun.exe","baee05cead26c8105363f244b6a630eeb0983e96c0f366ee05882f84a5dd324f","No security vendors flagged this file as malicious"
"5572","MpDefenderCoreService.exe","","","",""
"5696","mqsvc.exe","C:\WINDOWS\system32\mqsvc.exe","C:\WINDOWS\system32\mqsvc.exe","d88eeb1500c559b2ca1f77ab7aaf8039e0d913b111fb23851bb462009e8864b1","No security vendors flagged this file as malicious"
"15576","msedgewebview2.exe","C:\Program Files (x86)\Microsoft\EdgeWebView\Application\143.0.3650.139\msedgewebview2.exe --type=renderer --noerrdialogs --user-agent=""Mozilla/5.0 (Windows NT 10.0; Win64; x64; Cortana 1.18.9.23723; 10.0.0.0.26200.7623) AppleWebKit/537.36 (KHTML, like Gecko) Chrome/70.0.3538.102 Safari/537.36 Edge/18.26200 IsWebView2/True (WebView2Version 143.0.3650.139)"" --user-data-dir=""C:\Users\mikew\AppData\Local\Packages\MicrosoftWindows.Client.CBS_cw5n1h2txyewy\LocalState\EBWebView"" --webview-exe-name=SearchHost.exe --webview-exe-version=2125.30600.10.0 --embedded-browser-webview=1 --no-pre-read-main-dll --video-capture-use-gpu-memory-buffer --lang=pl --device-scale-factor=1 --num-raster-threads=4 --enable-main-frame-before-activation --renderer-client-id=5 --js-flags=""--expose-gc --ms-user-locale=pl_PL"" --time-ticks-at-unix-epoch=-1768782478953102 --launch-time-ticks=39910040 --ssd-no-pressure-read-main-dll --metrics-shmem-handle=3312,i,12176238931792109437,9564315601165153669,2097152 --field-trial-handle=1824,i,17144296891719731184,14665762863490151263,262144 --enable-features=msEdgeFluentOverlayScrollbar --disable-features=msSmartScreenProtection --variations-seed-version --trace-process-track-uuid=3190708990997080739 --mojo-platform-channel-handle=3656 /pfhostedapp:659f7f9912efb02a855f6acd8f4978470839c95a /prefetch:1","C:\Program Files (x86)\Microsoft\EdgeWebView\Application\143.0.3650.139\msedgewebview2.exe","3342715acf465301571f6a06543d324c0386c6f940103c708b3458beec60ce65","No security vendors flagged this file as malicious"
"14052","msedgewebview2.exe","C:\Program Files (x86)\Microsoft\EdgeWebView\Application\143.0.3650.139\msedgewebview2.exe --type=utility --utility-sub-type=network.mojom.NetworkService --lang=pl --service-sandbox-type=none --noerrdialogs --user-data-dir=""\\?\C:\Users\mikew\AppData\Local\TeamViewer\EdgeBrowserControl\Persistent\MainWindow_75AD616BF1F04DA9878FF44DD080A108\20251217T182039-213d0b6748~pl\EBWebView"" --webview-exe-name=TeamViewer.exe --webview-exe-version=15.73.5.0 --embedded-browser-webview=1 --embedded-browser-webview-dpi-awareness=2 --no-pre-read-main-dll --startup-read-main-dll --metrics-shmem-handle=2104,i,6717079996414814644,69936435782616934,524288 --field-trial-handle=1796,i,18179693785996773278,14380403603206244052,262144 --disable-features=ElasticOverscroll,msPdfOOUI,msSmartScreenProtection,msWebOOUI --variations-seed-version --trace-process-track-uuid=3190708989122997041 --mojo-platform-channel-handle=2140 /prefetch:11 /pfhostedapp:6505f5a2fcbc556e8fb213e9b76caed7ff3a7d0f","C:\Program Files (x86)\Microsoft\EdgeWebView\Application\143.0.3650.139\msedgewebview2.exe","3342715acf465301571f6a06543d324c0386c6f940103c708b3458beec60ce65","No security vendors flagged this file as malicious"
"13344","msedgewebview2.exe","C:\Program Files (x86)\Microsoft\EdgeWebView\Application\143.0.3650.139\msedgewebview2.exe --type=crashpad-handler --user-data-dir=\\?\C:\Users\mikew\AppData\Local\TeamViewer\EdgeBrowserControl\Persistent\MainWindow_75AD616BF1F04DA9878FF44DD080A108\20251217T182039-213d0b6748~pl\EBWebView /prefetch:4 /pfhostedapp:6505f5a2fcbc556e8fb213e9b76caed7ff3a7d0f --monitor-self-annotation=ptype=crashpad-handler --database=\\?\C:\Users\mikew\AppData\Local\TeamViewer\EdgeBrowserControl\Persistent\MainWindow_75AD616BF1F04DA9878FF44DD080A108\20251217T182039-213d0b6748~pl\EBWebView\Crashpad --annotation=IsOfficialBuild=1 --annotation=channel= --annotation=chromium-version=143.0.7499.193 ""--annotation=exe=C:\Program Files (x86)\Microsoft\EdgeWebView\Application\143.0.3650.139\msedgewebview2.exe"" --annotation=plat=Win64 ""--annotation=prod=Edge WebView2"" --annotation=ver=143.0.3650.139 --initial-client-data=0x17c,0x180,0x184,0x178,0x188,0x7ffa43d662b8,0x7ffa43d662c4,0x7ffa43d662d0","C:\Program Files (x86)\Microsoft\EdgeWebView\Application\143.0.3650.139\msedgewebview2.exe","3342715acf465301571f6a06543d324c0386c6f940103c708b3458beec60ce65","No security vendors flagged this file as malicious"
"15080","msedgewebview2.exe","C:\Program Files (x86)\Microsoft\EdgeWebView\Application\143.0.3650.139\msedgewebview2.exe --type=crashpad-handler --user-data-dir=C:\Users\mikew\AppData\Local\Packages\MicrosoftWindows.Client.CBS_cw5n1h2txyewy\LocalState\EBWebView /prefetch:4 /pfhostedapp:659f7f9912efb02a855f6acd8f4978470839c95a --monitor-self-annotation=ptype=crashpad-handler --database=C:\Users\mikew\AppData\Local\Packages\MicrosoftWindows.Client.CBS_cw5n1h2txyewy\LocalState\EBWebView\Crashpad --annotation=IsOfficialBuild=1 --annotation=channel= --annotation=chromium-version=143.0.7499.193 ""--annotation=exe=C:\Program Files (x86)\Microsoft\EdgeWebView\Application\143.0.3650.139\msedgewebview2.exe"" --annotation=plat=Win64 ""--annotation=prod=Edge WebView2"" --annotation=ver=143.0.3650.139 --initial-client-data=0x174,0x178,0x17c,0x150,0x184,0x7ffa43d662b8,0x7ffa43d662c4,0x7ffa43d662d0","C:\Program Files (x86)\Microsoft\EdgeWebView\Application\143.0.3650.139\msedgewebview2.exe","3342715acf465301571f6a06543d324c0386c6f940103c708b3458beec60ce65","No security vendors flagged this file as malicious"
"14268","msedgewebview2.exe","C:\Program Files (x86)\Microsoft\EdgeWebView\Application\143.0.3650.139\msedgewebview2.exe --type=renderer --noerrdialogs --user-data-dir=""\\?\C:\Users\mikew\AppData\Local\TeamViewer\EdgeBrowserControl\Persistent\MainWindow_75AD616BF1F04DA9878FF44DD080A108\20251217T182039-213d0b6748~pl\EBWebView"" --webview-exe-name=TeamViewer.exe --webview-exe-version=15.73.5.0 --embedded-browser-webview=1 --embedded-browser-webview-dpi-awareness=2 --no-pre-read-main-dll --video-capture-use-gpu-memory-buffer --lang=pl --device-scale-factor=1 --num-raster-threads=4 --enable-main-frame-before-activation --renderer-client-id=5 --js-flags=""--expose-gc --ms-user-locale=pl_PL"" --time-ticks-at-unix-epoch=-1768782478953102 --launch-time-ticks=29255375 --ssd-no-pressure-read-main-dll --metrics-shmem-handle=3636,i,18069465566300524091,17599800613226144168,2097152 --field-trial-handle=1796,i,18179693785996773278,14380403603206244052,262144 --disable-features=ElasticOverscroll,msPdfOOUI,msSmartScreenProtection,msWebOOUI --variations-seed-version --trace-process-track-uuid=3190708990997080739 --mojo-platform-channel-handle=3596 /pfhostedapp:6505f5a2fcbc556e8fb213e9b76caed7ff3a7d0f /prefetch:1","C:\Program Files (x86)\Microsoft\EdgeWebView\Application\143.0.3650.139\msedgewebview2.exe","3342715acf465301571f6a06543d324c0386c6f940103c708b3458beec60ce65","No security vendors flagged this file as malicious"
"15384","msedgewebview2.exe","C:\Program Files (x86)\Microsoft\EdgeWebView\Application\143.0.3650.139\msedgewebview2.exe --type=utility --utility-sub-type=network.mojom.NetworkService --lang=pl --service-sandbox-type=none --noerrdialogs --user-agent=""Mozilla/5.0 (Windows NT 10.0; Win64; x64; Cortana 1.18.9.23723; 10.0.0.0.26200.7623) AppleWebKit/537.36 (KHTML, like Gecko) Chrome/70.0.3538.102 Safari/537.36 Edge/18.26200 IsWebView2/True (WebView2Version 143.0.3650.139)"" --user-data-dir=""C:\Users\mikew\AppData\Local\Packages\MicrosoftWindows.Client.CBS_cw5n1h2txyewy\LocalState\EBWebView"" --webview-exe-name=SearchHost.exe --webview-exe-version=2125.30600.10.0 --embedded-browser-webview=1 --no-pre-read-main-dll --startup-read-main-dll --metrics-shmem-handle=2104,i,5045116230758382847,12376713566364155110,524288 --field-trial-handle=1824,i,17144296891719731184,14665762863490151263,262144 --enable-features=msEdgeFluentOverlayScrollbar --disable-features=msSmartScreenProtection --variations-seed-version --trace-process-track-uuid=3190708989122997041 --mojo-platform-channel-handle=2008 /prefetch:11 /pfhostedapp:659f7f9912efb02a855f6acd8f4978470839c95a","C:\Program Files (x86)\Microsoft\EdgeWebView\Application\143.0.3650.139\msedgewebview2.exe","3342715acf465301571f6a06543d324c0386c6f940103c708b3458beec60ce65","No security vendors flagged this file as malicious"
"14132","msedgewebview2.exe","C:\Program Files (x86)\Microsoft\EdgeWebView\Application\143.0.3650.139\msedgewebview2.exe --type=utility --utility-sub-type=storage.mojom.StorageService --lang=pl --service-sandbox-type=service --noerrdialogs --user-data-dir=""\\?\C:\Users\mikew\AppData\Local\TeamViewer\EdgeBrowserControl\Persistent\MainWindow_75AD616BF1F04DA9878FF44DD080A108\20251217T182039-213d0b6748~pl\EBWebView"" --webview-exe-name=TeamViewer.exe --webview-exe-version=15.73.5.0 --embedded-browser-webview=1 --embedded-browser-webview-dpi-awareness=2 --no-pre-read-main-dll --startup-read-main-dll --metrics-shmem-handle=2404,i,9673152257600249805,11047290151439986851,524288 --field-trial-handle=1796,i,18179693785996773278,14380403603206244052,262144 --disable-features=ElasticOverscroll,msPdfOOUI,msSmartScreenProtection,msWebOOUI --variations-seed-version --trace-process-track-uuid=3190708990060038890 --mojo-platform-channel-handle=2336 /prefetch:13 /pfhostedapp:6505f5a2fcbc556e8fb213e9b76caed7ff3a7d0f","C:\Program Files (x86)\Microsoft\EdgeWebView\Application\143.0.3650.139\msedgewebview2.exe","3342715acf465301571f6a06543d324c0386c6f940103c708b3458beec60ce65","No security vendors flagged this file as malicious"
"15032","msedgewebview2.exe","C:\Program Files (x86)\Microsoft\EdgeWebView\Application\143.0.3650.139\msedgewebview2.exe --embedded-browser-webview=1 --webview-exe-name=SearchHost.exe --webview-exe-version=2125.30600.10.0 --user-data-dir=""C:\Users\mikew\AppData\Local\Packages\MicrosoftWindows.Client.CBS_cw5n1h2txyewy\LocalState\EBWebView"" --noerrdialogs --disable-features=msSmartScreenProtection --edge-webview-enable-mojo-ipcz --enable-features=msEdgeFluentOverlayScrollbar --user-agent=""Mozilla/5.0 (Windows NT 10.0; Win64; x64; Cortana 1.18.9.23723; 10.0.0.0.26200.7623) AppleWebKit/537.36 (KHTML, like Gecko) Chrome/70.0.3538.102 Safari/537.36 Edge/18.26200 IsWebView2/True (WebView2Version 143.0.3650.139)"" --lang=pl --mojo-named-platform-channel-pipe=12940.15020.13936724223187530340 /pfhostedapp:659f7f9912efb02a855f6acd8f4978470839c95a","C:\Program Files (x86)\Microsoft\EdgeWebView\Application\143.0.3650.139\msedgewebview2.exe","3342715acf465301571f6a06543d324c0386c6f940103c708b3458beec60ce65","No security vendors flagged this file as malicious"
"14000","msedgewebview2.exe","C:\Program Files (x86)\Microsoft\EdgeWebView\Application\143.0.3650.139\msedgewebview2.exe --type=gpu-process --noerrdialogs --user-data-dir=""\\?\C:\Users\mikew\AppData\Local\TeamViewer\EdgeBrowserControl\Persistent\MainWindow_75AD616BF1F04DA9878FF44DD080A108\20251217T182039-213d0b6748~pl\EBWebView"" --webview-exe-name=TeamViewer.exe --webview-exe-version=15.73.5.0 --embedded-browser-webview=1 --embedded-browser-webview-dpi-awareness=2 --no-pre-read-main-dll --gpu-preferences=SAAAAAAAAADgAAAEAAAAAAAAAAAAAGAAAQAAAAAAAAAAAAAAAAAAAAIAAAAAAAAAAAAAAAAAAAAQAAAAAAAAABAAAAAAAAAACAAAAAAAAAAIAAAAAAAAAA== --startup-read-main-dll --metrics-shmem-handle=1688,i,17796519549950198552,18119006495702507587,262144 --field-trial-handle=1796,i,18179693785996773278,14380403603206244052,262144 --disable-features=ElasticOverscroll,msPdfOOUI,msSmartScreenProtection,msWebOOUI --variations-seed-version --trace-process-track-uuid=3190708988185955192 --mojo-platform-channel-handle=1792 /prefetch:2 /pfhostedapp:6505f5a2fcbc556e8fb213e9b76caed7ff3a7d0f","C:\Program Files (x86)\Microsoft\EdgeWebView\Application\143.0.3650.139\msedgewebview2.exe","3342715acf465301571f6a06543d324c0386c6f940103c708b3458beec60ce65","No security vendors flagged this file as malicious"
"13056","msedgewebview2.exe","C:\Program Files (x86)\Microsoft\EdgeWebView\Application\143.0.3650.139\msedgewebview2.exe --embedded-browser-webview=1 --webview-exe-name=TeamViewer.exe --webview-exe-version=15.73.5.0 --user-data-dir=""\\?\C:\Users\mikew\AppData\Local\TeamViewer\EdgeBrowserControl\Persistent\MainWindow_75AD616BF1F04DA9878FF44DD080A108\20251217T182039-213d0b6748~pl\EBWebView"" --noerrdialogs --embedded-browser-webview-dpi-awareness=2 --disable-features=msSmartScreenProtection,msWebOOUI,msPdfOOUI,ElasticOverscroll --lang=pl --mojo-named-platform-channel-pipe=5804.12920.4907996425310132422 /pfhostedapp:6505f5a2fcbc556e8fb213e9b76caed7ff3a7d0f","C:\Program Files (x86)\Microsoft\EdgeWebView\Application\143.0.3650.139\msedgewebview2.exe","3342715acf465301571f6a06543d324c0386c6f940103c708b3458beec60ce65","No security vendors flagged this file as malicious"
"15456","msedgewebview2.exe","C:\Program Files (x86)\Microsoft\EdgeWebView\Application\143.0.3650.139\msedgewebview2.exe --type=utility --utility-sub-type=storage.mojom.StorageService --lang=pl --service-sandbox-type=service --noerrdialogs --user-agent=""Mozilla/5.0 (Windows NT 10.0; Win64; x64; Cortana 1.18.9.23723; 10.0.0.0.26200.7623) AppleWebKit/537.36 (KHTML, like Gecko) Chrome/70.0.3538.102 Safari/537.36 Edge/18.26200 IsWebView2/True (WebView2Version 143.0.3650.139)"" --user-data-dir=""C:\Users\mikew\AppData\Local\Packages\MicrosoftWindows.Client.CBS_cw5n1h2txyewy\LocalState\EBWebView"" --webview-exe-name=SearchHost.exe --webview-exe-version=2125.30600.10.0 --embedded-browser-webview=1 --no-pre-read-main-dll --startup-read-main-dll --metrics-shmem-handle=2348,i,12125464950643465962,11384180278276955211,524288 --field-trial-handle=1824,i,17144296891719731184,14665762863490151263,262144 --enable-features=msEdgeFluentOverlayScrollbar --disable-features=msSmartScreenProtection --variations-seed-version --trace-process-track-uuid=3190708990060038890 --mojo-platform-channel-handle=2444 /prefetch:13 /pfhostedapp:659f7f9912efb02a855f6acd8f4978470839c95a","C:\Program Files (x86)\Microsoft\EdgeWebView\Application\143.0.3650.139\msedgewebview2.exe","3342715acf465301571f6a06543d324c0386c6f940103c708b3458beec60ce65","No security vendors flagged this file as malicious"
"15324","msedgewebview2.exe","C:\Program Files (x86)\Microsoft\EdgeWebView\Application\143.0.3650.139\msedgewebview2.exe --type=gpu-process --noerrdialogs --user-agent=""Mozilla/5.0 (Windows NT 10.0; Win64; x64; Cortana 1.18.9.23723; 10.0.0.0.26200.7623) AppleWebKit/537.36 (KHTML, like Gecko) Chrome/70.0.3538.102 Safari/537.36 Edge/18.26200 IsWebView2/True (WebView2Version 143.0.3650.139)"" --user-data-dir=""C:\Users\mikew\AppData\Local\Packages\MicrosoftWindows.Client.CBS_cw5n1h2txyewy\LocalState\EBWebView"" --webview-exe-name=SearchHost.exe --webview-exe-version=2125.30600.10.0 --embedded-browser-webview=1 --no-pre-read-main-dll --gpu-preferences=SAAAAAAAAADgAAAEAAAAAAAAAAAAAGAAAQAAAAAAAAAAAAAAAAAAAAIAAAAAAAAAAAAAAAAAAAAQAAAAAAAAABAAAAAAAAAACAAAAAAAAAAIAAAAAAAAAA== --startup-read-main-dll --metrics-shmem-handle=1648,i,12501372752739834677,11232143198318859761,262144 --field-trial-handle=1824,i,17144296891719731184,14665762863490151263,262144 --enable-features=msEdgeFluentOverlayScrollbar --disable-features=msSmartScreenProtection --variations-seed-version --trace-process-track-uuid=3190708988185955192 --mojo-platform-channel-handle=1820 /prefetch:2 /pfhostedapp:659f7f9912efb02a855f6acd8f4978470839c95a","C:\Program Files (x86)\Microsoft\EdgeWebView\Application\143.0.3650.139\msedgewebview2.exe","3342715acf465301571f6a06543d324c0386c6f940103c708b3458beec60ce65","No security vendors flagged this file as malicious"
"5264","msiexec.exe","C:\WINDOWS\system32\msiexec.exe /V","C:\WINDOWS\system32\msiexec.exe","677417ba3ad87f73cd95ad30423998c6089e7eef381b309a562cda1eb6fe178e","No security vendors flagged this file as malicious"
"5928","MsMpEng.exe","","","",""
"3156","NgcIso.exe","","","",""
"5292","OfficeClickToRun.exe","C:\Program Files\Common Files\Microsoft Shared\ClickToRun\OfficeClickToRun.exe /service","C:\Program Files\Common Files\Microsoft Shared\ClickToRun\OfficeClickToRun.exe","f1b866a7e82bff4525a5ddcbc645381fc84941c605cf1516a7ebe893916ea5ae","No security vendors flagged this file as malicious"
"5504","OneApp.IGCC.WinService.exe","C:\WINDOWS\System32\DriverStore\FileRepository\igcc_dch.inf_amd64_4d06d7f3655985a2\OneApp.IGCC.WinService.exe","C:\WINDOWS\System32\DriverStore\FileRepository\igcc_dch.inf_amd64_4d06d7f3655985a2\OneApp.IGCC.WinService.exe","2f395bc8dde5774b003ab8285998d7bea9c7680fbf4ebd715c9c6326cb0d18dd","No security vendors flagged this file as malicious"
"5920","openvpnserv.exe","C:\Program Files\OpenVPN\bin\openvpnserv.exe","C:\Program Files\OpenVPN\bin\openvpnserv.exe","6e51de1b4ba02096aeaec7e8881e8b5835987a57be49ef654d9caaeb9340a5b4","No security vendors flagged this file as malicious"
"5940","openvpnserv2.exe","C:\Program Files\OpenVPN\bin\openvpnserv2.exe","C:\Program Files\OpenVPN\bin\openvpnserv2.exe","d1e995a2d32e7833a369aa849e8b877162e07c1a161c6dccb95ca2052fc8b1e7","No security vendors flagged this file as malicious"
"16440","PhoneExperienceHost.exe","C:\Program Files\WindowsApps\Microsoft.YourPhone_1.25112.36.0_x64__8wekyb3d8bbwe\PhoneExperienceHost.exe -ComServer:Background -Embedding","C:\Program Files\WindowsApps\Microsoft.YourPhone_1.25112.36.0_x64__8wekyb3d8bbwe\PhoneExperienceHost.exe","989a00579b136f8a966f6a9d18d5eab1a54fe68c65c835f81c35c0e2953b2938","No security vendors flagged this file as malicious"
"11268","PresentationFontCache.exe","C:\WINDOWS\Microsoft.Net\Framework64\v3.0\WPF\PresentationFontCache.exe","C:\WINDOWS\Microsoft.Net\Framework64\v3.0\WPF\PresentationFontCache.exe","8bc01bc94d3cd6591c416ee7c68714a90e1d8c9f3117e1b3058af83e872296f9","No security vendors flagged this file as malicious"
"16992","RAVBg64.exe","C:\Program Files\Realtek\Audio\HDA\RAVBg64.exe /IM","C:\Program Files\Realtek\Audio\HDA\RAVBg64.exe","e7ec22534ed990cdd38d3fb78969050a5a8081087000b6a6ea001e3ffa511049","No security vendors flagged this file as malicious"
"4628","RAVBg64.exe","C:\Program Files\Realtek\Audio\HDA\RAVBg64.exe /DELLGRM","C:\Program Files\Realtek\Audio\HDA\RAVBg64.exe","e7ec22534ed990cdd38d3fb78969050a5a8081087000b6a6ea001e3ffa511049","No security vendors flagged this file as malicious"
"5016","RAVBg64.exe","C:\Program Files\Realtek\Audio\HDA\RAVBg64.exe /SENDINPUT","C:\Program Files\Realtek\Audio\HDA\RAVBg64.exe","e7ec22534ed990cdd38d3fb78969050a5a8081087000b6a6ea001e3ffa511049","No security vendors flagged this file as malicious"
"180","Registry.exe","","","",""
"5968","RstMwService.exe","C:\WINDOWS\System32\DriverStore\FileRepository\iastorac.inf_amd64_9c788f1d162b1224\RstMwService.exe","C:\WINDOWS\System32\DriverStore\FileRepository\iastorac.inf_amd64_9c788f1d162b1224\RstMwService.exe","1e56ebcdc6b7bebf21deb8ff5398f2cba956b3ec47073851cf7473feb7b56db0","No security vendors flagged this file as malicious"
"3840","RtkAudioService64.exe","C:\Program Files\Realtek\Audio\HDA\RtkAudioService64.exe","C:\Program Files\Realtek\Audio\HDA\RtkAudioService64.exe","f00b31124783ea0cdda33606351019ec94f2c9ffe26c31d42250b775bcf1a464","No security vendors flagged this file as malicious"
"18140","RtkNGUI64.exe","C:\Program Files\Realtek\Audio\HDA\RtkNGUI64.exe -s","C:\Program Files\Realtek\Audio\HDA\RtkNGUI64.exe","6e52e1c976a501c57f2fbb456d31673603fc5c36f1bcdbaaf03695d51d62c566","No security vendors flagged this file as malicious"
"4192","RuntimeBroker.exe","","","",""
"5956","SamsungMagicianSVC.exe","C:\Program Files (x86)\Samsung\Samsung Magician\SamsungMagicianSVC.exe","C:\Program Files (x86)\Samsung\Samsung Magician\SamsungMagicianSVC.exe","6a5e95024d7b7cfdff6cfd691d969dc8fc821e2f2355d12043f5c1b3043904be","No security vendors flagged this file as malicious"
"13572","SamsungPortableSSDMon.exe","C:\ProgramData\Samsung Apps\Portable SSD\SamsungPortableSSDMon.exe","C:\ProgramData\Samsung Apps\Portable SSD\SamsungPortableSSDMon.exe","387487bbc22551d7945cb6e3b5e5d062a93eacc55f0b8c572311c9aa1aaac14f","No security vendors flagged this file as malicious"
"5764","SearchFilterHost.exe","C:\WINDOWS\System32\SearchFilterHost.exe 900 2900 3068 880 {3B224B11-9363-407E-850F-C9E1FFACD8FB}","C:\WINDOWS\System32\SearchFilterHost.exe","75afe1cd8e2422bb08506b2f5c62d363a5065f6a869fbdf8920b75d09caa3a5f","No security vendors flagged this file as malicious"
"12940","SearchHost.exe","C:\WINDOWS\SystemApps\MicrosoftWindows.Client.CBS_cw5n1h2txyewy\SearchHost.exe -ServerName:CortanaUIFullTrustApp.AppXqe55xpfenh3k6gvsbjaqb6bkfgy5pkbf.mca","C:\WINDOWS\SystemApps\MicrosoftWindows.Client.CBS_cw5n1h2txyewy\SearchHost.exe","535b19cb28f79d90ecc4efdd8e2112b1de457d35ad628bd99c05866c010dbfa9","No security vendors flagged this file as malicious"
"3884","SearchIndexer.exe","C:\WINDOWS\system32\SearchIndexer.exe /Embedding","C:\WINDOWS\system32\SearchIndexer.exe","60c44b6d9a437dc572f4c520c12bba4b2488bfa7168c0bfb241b08e0742094e2","No security vendors flagged this file as malicious"
"16460","SearchProtocolHost.exe","C:\WINDOWS\System32\SearchProtocolHost.exe Global\UsGthrFltPipeMssGthrPipe1_ Global\UsGthrCtrlFltPipeMssGthrPipe1 1 -2147483646 ""Software\Microsoft\Windows Search"" ""Mozilla/4.0 (compatible; MSIE 6.0; Windows NT; MS Search 4.0 Robot)"" ""C:\ProgramData\Microsoft\Search\Data\Temp\usgthrsvc"" ""DownLevelDaemon""","C:\WINDOWS\System32\SearchProtocolHost.exe","b088baf3cfcbab56a2f05e04aac884d77c7bb0adbc034784de7d7ca4a4096506","No security vendors flagged this file as malicious"
"140","Secure System.exe","","","",""
"1324","services.exe","","","",""
"19100","ServiceShell.exe","C:\Program Files (x86)\Dell\UpdateService\ServiceShell.exe","C:\Program Files (x86)\Dell\UpdateService\ServiceShell.exe","12c871a4c3a9e8b27037b229704ad7af8ecaeffe61bacb37f769cb8d9b94b0df","No security vendors flagged this file as malicious"
"12044","ShellHost.exe","C:\Windows\System32\ShellHost.exe","C:\Windows\System32\ShellHost.exe","ca625b7bf8e2e471eb4eb8c2287f59d980faed6fea328439d11aaad61c85ce6e","No security vendors flagged this file as malicious"
"10312","sihost.exe","C:\WINDOWS\system32\sihost.exe","C:\WINDOWS\system32\sihost.exe","1e115ef87c00e685f8e7b1b184eb9fa3470a0ec75b678a70d3d2d3cbfde3dcb7","No security vendors flagged this file as malicious"
"8704","smartscreen.exe","C:\Windows\System32\smartscreen.exe -Embedding","C:\Windows\System32\smartscreen.exe","320529ad57bec40f067baa8a34e0ae5596061af880a3cdb6181940ab721c4af6","No security vendors flagged this file as malicious"
"744","smss.exe","","","",""
"5948","SMSvcHost.exe","C:\WINDOWS\Microsoft.NET\Framework64\v4.0.30319\SMSvcHost.exe","C:\WINDOWS\Microsoft.NET\Framework64\v4.0.30319\SMSvcHost.exe","d4049183b485b44da95a359cf9dae14934aa95cfb542ee4721e7038e3f38c5b5","No security vendors flagged this file as malicious"
"7980","SMSvcHost.exe","C:\WINDOWS\Microsoft.NET\Framework64\v4.0.30319\SMSvcHost.exe -NetMsmqActivator","C:\WINDOWS\Microsoft.NET\Framework64\v4.0.30319\SMSvcHost.exe","d4049183b485b44da95a359cf9dae14934aa95cfb542ee4721e7038e3f38c5b5","No security vendors flagged this file as malicious"
"4676","spoolsv.exe","C:\WINDOWS\System32\spoolsv.exe","C:\WINDOWS\System32\spoolsv.exe","6602f76dfcc15be405b48711e61017bad6fba593748c3b03166578f1cb30b05f","No security vendors flagged this file as malicious"
"12156","StartMenuExperienceHost.exe","C:\WINDOWS\SystemApps\Microsoft.Windows.StartMenuExperienceHost_cw5n1h2txyewy\StartMenuExperienceHost.exe -ServerName:FullTrustApp.AppXykjsye98af63ez2annt9djke8trg8stn.mca","C:\WINDOWS\SystemApps\Microsoft.Windows.StartMenuExperienceHost_cw5n1h2txyewy\StartMenuExperienceHost.exe","87b6b7b874ac9b10a76c233cdb606d43d6261be4ed7d9e34f4507d1da98c29ac","No security vendors flagged this file as malicious"
"12468","SupportAssistAgent.exe","C:\Program Files\Dell\SupportAssistAgent\bin\SupportAssistAgent.exe","C:\Program Files\Dell\SupportAssistAgent\bin\SupportAssistAgent.exe","7c09f15b8449d71f168b6699a0a56f1686964eb96e14b3c02cd7d86cc7ddd0d5","No security vendors flagged this file as malicious"
"2548","svchost.exe","C:\WINDOWS\system32\svchost.exe -k netsvcs -p -s UserManager","C:\WINDOWS\system32\svchost.exe","53a39b900e3bfbf384acd13f0fc2329fa8d42b61e993d8ed5adf3a1428005d26","No security vendors flagged this file as malicious"
"1228","svchost.exe","C:\WINDOWS\system32\svchost.exe -k LocalServiceAndNoImpersonation -p -s SSDPSRV","C:\WINDOWS\system32\svchost.exe","53a39b900e3bfbf384acd13f0fc2329fa8d42b61e993d8ed5adf3a1428005d26","No security vendors flagged this file as malicious"
"2176","svchost.exe","C:\WINDOWS\system32\svchost.exe -k UserProfileService -p -s ProfSvc","C:\WINDOWS\system32\svchost.exe","53a39b900e3bfbf384acd13f0fc2329fa8d42b61e993d8ed5adf3a1428005d26","No security vendors flagged this file as malicious"
"5992","svchost.exe","C:\WINDOWS\system32\svchost.exe -k NetworkService -p -s Wecsvc","C:\WINDOWS\system32\svchost.exe","53a39b900e3bfbf384acd13f0fc2329fa8d42b61e993d8ed5adf3a1428005d26","No security vendors flagged this file as malicious"
"10380","svchost.exe","C:\WINDOWS\system32\svchost.exe -k UnistackSvcGroup -s CDPUserSvc","C:\WINDOWS\system32\svchost.exe","53a39b900e3bfbf384acd13f0fc2329fa8d42b61e993d8ed5adf3a1428005d26","No security vendors flagged this file as malicious"
"18652","svchost.exe","","","",""
"6020","svchost.exe","C:\WINDOWS\System32\svchost.exe -k LocalSystemNetworkRestricted -p -s TrkWks","C:\WINDOWS\System32\svchost.exe","53a39b900e3bfbf384acd13f0fc2329fa8d42b61e993d8ed5adf3a1428005d26","No security vendors flagged this file as malicious"
"4760","svchost.exe","C:\WINDOWS\system32\svchost.exe -k WbioSvcGroup -s WbioSrvc","C:\WINDOWS\system32\svchost.exe","53a39b900e3bfbf384acd13f0fc2329fa8d42b61e993d8ed5adf3a1428005d26","No security vendors flagged this file as malicious"
"4024","svchost.exe","C:\WINDOWS\system32\svchost.exe -k netsvcs -p -s wuauserv","C:\WINDOWS\system32\svchost.exe","53a39b900e3bfbf384acd13f0fc2329fa8d42b61e993d8ed5adf3a1428005d26","No security vendors flagged this file as malicious"
"2164","svchost.exe","C:\WINDOWS\system32\svchost.exe -k LocalSystemNetworkRestricted -p -s DisplayEnhancementService","C:\WINDOWS\system32\svchost.exe","53a39b900e3bfbf384acd13f0fc2329fa8d42b61e993d8ed5adf3a1428005d26","No security vendors flagged this file as malicious"
"19120","svchost.exe","","","",""
"1684","svchost.exe","C:\WINDOWS\system32\svchost.exe -k LocalServiceNetworkRestricted -p -s TimeBrokerSvc","C:\WINDOWS\system32\svchost.exe","53a39b900e3bfbf384acd13f0fc2329fa8d42b61e993d8ed5adf3a1428005d26","No security vendors flagged this file as malicious"
"1660","svchost.exe","C:\WINDOWS\system32\svchost.exe -k RPCSS -p","C:\WINDOWS\system32\svchost.exe","53a39b900e3bfbf384acd13f0fc2329fa8d42b61e993d8ed5adf3a1428005d26","No security vendors flagged this file as malicious"
"2576","svchost.exe","C:\WINDOWS\system32\svchost.exe -k netsvcsRedirectionGuard -p -s SENS","C:\WINDOWS\system32\svchost.exe","53a39b900e3bfbf384acd13f0fc2329fa8d42b61e993d8ed5adf3a1428005d26","No security vendors flagged this file as malicious"
"12188","svchost.exe","C:\WINDOWS\system32\svchost.exe -k LocalService -p -s CDPSvc","C:\WINDOWS\system32\svchost.exe","53a39b900e3bfbf384acd13f0fc2329fa8d42b61e993d8ed5adf3a1428005d26","No security vendors flagged this file as malicious"
"11344","svchost.exe","C:\WINDOWS\system32\svchost.exe -k LocalSystemNetworkRestricted -p -s webthreatdefusersvc","C:\WINDOWS\system32\svchost.exe","53a39b900e3bfbf384acd13f0fc2329fa8d42b61e993d8ed5adf3a1428005d26","No security vendors flagged this file as malicious"
"3436","svchost.exe","C:\WINDOWS\system32\svchost.exe -k LocalService -p -s FontCache","C:\WINDOWS\system32\svchost.exe","53a39b900e3bfbf384acd13f0fc2329fa8d42b61e993d8ed5adf3a1428005d26","No security vendors flagged this file as malicious"
"4452","svchost.exe","C:\WINDOWS\system32\svchost.exe -k LocalSystemNetworkRestricted -p","C:\WINDOWS\system32\svchost.exe","53a39b900e3bfbf384acd13f0fc2329fa8d42b61e993d8ed5adf3a1428005d26","No security vendors flagged this file as malicious"
"14668","svchost.exe","C:\WINDOWS\system32\svchost.exe -k netsvcs -p -s wlidsvc","C:\WINDOWS\system32\svchost.exe","53a39b900e3bfbf384acd13f0fc2329fa8d42b61e993d8ed5adf3a1428005d26","No security vendors flagged this file as malicious"
"16032","svchost.exe","C:\WINDOWS\system32\svchost.exe -k netsvcs -p -s UsoSvc","C:\WINDOWS\system32\svchost.exe","53a39b900e3bfbf384acd13f0fc2329fa8d42b61e993d8ed5adf3a1428005d26","No security vendors flagged this file as malicious"
"1724","svchost.exe","C:\WINDOWS\system32\svchost.exe -k DcomLaunch -p -s LSM","C:\WINDOWS\system32\svchost.exe","53a39b900e3bfbf384acd13f0fc2329fa8d42b61e993d8ed5adf3a1428005d26","No security vendors flagged this file as malicious"
"18620","svchost.exe","C:\WINDOWS\System32\svchost.exe -k smphost","C:\WINDOWS\System32\svchost.exe","53a39b900e3bfbf384acd13f0fc2329fa8d42b61e993d8ed5adf3a1428005d26","No security vendors flagged this file as malicious"
"13660","svchost.exe","C:\WINDOWS\system32\svchost.exe -k whesvc -p -s whesvc","C:\WINDOWS\system32\svchost.exe","53a39b900e3bfbf384acd13f0fc2329fa8d42b61e993d8ed5adf3a1428005d26","No security vendors flagged this file as malicious"
"13760","svchost.exe","C:\WINDOWS\System32\svchost.exe -k LocalSystemNetworkRestricted -p -s WdiSystemHost","C:\WINDOWS\System32\svchost.exe","53a39b900e3bfbf384acd13f0fc2329fa8d42b61e993d8ed5adf3a1428005d26","No security vendors flagged this file as malicious"
"10428","svchost.exe","C:\WINDOWS\system32\svchost.exe -k osprivacy -p -s camsvc","C:\WINDOWS\system32\svchost.exe","53a39b900e3bfbf384acd13f0fc2329fa8d42b61e993d8ed5adf3a1428005d26","No security vendors flagged this file as malicious"
"5680","svchost.exe","C:\WINDOWS\system32\svchost.exe -k iissvcs","C:\WINDOWS\system32\svchost.exe","53a39b900e3bfbf384acd13f0fc2329fa8d42b61e993d8ed5adf3a1428005d26","No security vendors flagged this file as malicious"
"2128","svchost.exe","C:\WINDOWS\system32\svchost.exe -k netsvcs -s CertPropSvc","C:\WINDOWS\system32\svchost.exe","53a39b900e3bfbf384acd13f0fc2329fa8d42b61e993d8ed5adf3a1428005d26","No security vendors flagged this file as malicious"
"8268","svchost.exe","C:\WINDOWS\System32\svchost.exe -k LocalServiceNetworkRestricted -s RmSvc","C:\WINDOWS\System32\svchost.exe","53a39b900e3bfbf384acd13f0fc2329fa8d42b61e993d8ed5adf3a1428005d26","No security vendors flagged this file as malicious"
"3420","svchost.exe","C:\WINDOWS\System32\svchost.exe -k LocalSystemNetworkRestricted -p -s AudioEndpointBuilder","C:\WINDOWS\System32\svchost.exe","53a39b900e3bfbf384acd13f0fc2329fa8d42b61e993d8ed5adf3a1428005d26","No security vendors flagged this file as malicious"
"4816","svchost.exe","","","",""
"5148","svchost.exe","C:\WINDOWS\system32\svchost.exe -k apphost -s AppHostSvc","C:\WINDOWS\system32\svchost.exe","53a39b900e3bfbf384acd13f0fc2329fa8d42b61e993d8ed5adf3a1428005d26","No security vendors flagged this file as malicious"
"2256","svchost.exe","C:\WINDOWS\system32\svchost.exe -k LocalService -p -s EventSystem","C:\WINDOWS\system32\svchost.exe","53a39b900e3bfbf384acd13f0fc2329fa8d42b61e993d8ed5adf3a1428005d26","No security vendors flagged this file as malicious"
"17820","svchost.exe","C:\WINDOWS\System32\svchost.exe -k netsvcs -p -s BDESVC","C:\WINDOWS\System32\svchost.exe","53a39b900e3bfbf384acd13f0fc2329fa8d42b61e993d8ed5adf3a1428005d26","No security vendors flagged this file as malicious"
"6084","svchost.exe","C:\WINDOWS\system32\svchost.exe -k netsvcs -p -s LanmanServer","C:\WINDOWS\system32\svchost.exe","53a39b900e3bfbf384acd13f0fc2329fa8d42b61e993d8ed5adf3a1428005d26","No security vendors flagged this file as malicious"
"11252","svchost.exe","C:\WINDOWS\System32\svchost.exe -k swprv","C:\WINDOWS\System32\svchost.exe","53a39b900e3bfbf384acd13f0fc2329fa8d42b61e993d8ed5adf3a1428005d26","No security vendors flagged this file as malicious"
"2248","svchost.exe","C:\WINDOWS\system32\svchost.exe -k LocalSystemNetworkRestricted -p -s hidserv","C:\WINDOWS\system32\svchost.exe","53a39b900e3bfbf384acd13f0fc2329fa8d42b61e993d8ed5adf3a1428005d26","No security vendors flagged this file as malicious"
"2640","svchost.exe","C:\WINDOWS\System32\svchost.exe -k netprofm -p -s netprofm","C:\WINDOWS\System32\svchost.exe","53a39b900e3bfbf384acd13f0fc2329fa8d42b61e993d8ed5adf3a1428005d26","No security vendors flagged this file as malicious"
"6004","svchost.exe","C:\WINDOWS\system32\svchost.exe -k imgsvc","C:\WINDOWS\system32\svchost.exe","53a39b900e3bfbf384acd13f0fc2329fa8d42b61e993d8ed5adf3a1428005d26","No security vendors flagged this file as malicious"
"6100","svchost.exe","C:\WINDOWS\system32\svchost.exe -k netsvcs -p -s WpnService","C:\WINDOWS\system32\svchost.exe","53a39b900e3bfbf384acd13f0fc2329fa8d42b61e993d8ed5adf3a1428005d26","No security vendors flagged this file as malicious"
"8684","svchost.exe","","","",""
"1388","svchost.exe","C:\WINDOWS\System32\svchost.exe -k LocalSystemNetworkRestricted -p -s NcbService","C:\WINDOWS\System32\svchost.exe","53a39b900e3bfbf384acd13f0fc2329fa8d42b61e993d8ed5adf3a1428005d26","No security vendors flagged this file as malicious"
"6012","svchost.exe","C:\WINDOWS\system32\svchost.exe -k WSAIFabricSvcGroup -p -s WSAIFabricSvc","C:\WINDOWS\system32\svchost.exe","53a39b900e3bfbf384acd13f0fc2329fa8d42b61e993d8ed5adf3a1428005d26","No security vendors flagged this file as malicious"
"4548","svchost.exe","C:\WINDOWS\System32\svchost.exe -k netsvcs -p -s ShellHWDetection","C:\WINDOWS\System32\svchost.exe","53a39b900e3bfbf384acd13f0fc2329fa8d42b61e993d8ed5adf3a1428005d26","No security vendors flagged this file as malicious"
"1964","svchost.exe","C:\WINDOWS\system32\svchost.exe -k GPSvcGroup","C:\WINDOWS\system32\svchost.exe","53a39b900e3bfbf384acd13f0fc2329fa8d42b61e993d8ed5adf3a1428005d26","No security vendors flagged this file as malicious"
"4108","svchost.exe","C:\WINDOWS\System32\svchost.exe -k LocalServiceNetworkRestricted -p -s DusmSvc","C:\WINDOWS\System32\svchost.exe","53a39b900e3bfbf384acd13f0fc2329fa8d42b61e993d8ed5adf3a1428005d26","No security vendors flagged this file as malicious"
"11524","svchost.exe","C:\WINDOWS\system32\svchost.exe -k netsvcs -p -s TokenBroker","C:\WINDOWS\system32\svchost.exe","53a39b900e3bfbf384acd13f0fc2329fa8d42b61e993d8ed5adf3a1428005d26","No security vendors flagged this file as malicious"
"5420","svchost.exe","C:\WINDOWS\System32\svchost.exe -k netsvcs -p -s SharedAccess","C:\WINDOWS\System32\svchost.exe","53a39b900e3bfbf384acd13f0fc2329fa8d42b61e993d8ed5adf3a1428005d26","No security vendors flagged this file as malicious"
"17324","svchost.exe","C:\WINDOWS\system32\svchost.exe -k netsvcs -p -s DsmSvc","C:\WINDOWS\system32\svchost.exe","53a39b900e3bfbf384acd13f0fc2329fa8d42b61e993d8ed5adf3a1428005d26","No security vendors flagged this file as malicious"
"2396","svchost.exe","C:\WINDOWS\system32\svchost.exe -k LocalServiceAndNoImpersonation -s SCardSvr","C:\WINDOWS\system32\svchost.exe","53a39b900e3bfbf384acd13f0fc2329fa8d42b61e993d8ed5adf3a1428005d26","No security vendors flagged this file as malicious"
"4124","svchost.exe","C:\WINDOWS\system32\svchost.exe -k netsvcs -p -s Winmgmt","C:\WINDOWS\system32\svchost.exe","53a39b900e3bfbf384acd13f0fc2329fa8d42b61e993d8ed5adf3a1428005d26","No security vendors flagged this file as malicious"
"4968","svchost.exe","C:\WINDOWS\system32\svchost.exe -k NetSvcs -s nvagent","C:\WINDOWS\system32\svchost.exe","53a39b900e3bfbf384acd13f0fc2329fa8d42b61e993d8ed5adf3a1428005d26","No security vendors flagged this file as malicious"
"16160","svchost.exe","C:\WINDOWS\system32\svchost.exe -k InvSvcGroup -p -s InventorySvc","C:\WINDOWS\system32\svchost.exe","53a39b900e3bfbf384acd13f0fc2329fa8d42b61e993d8ed5adf3a1428005d26","No security vendors flagged this file as malicious"
"3232","svchost.exe","C:\WINDOWS\System32\svchost.exe -k LocalServiceNetworkRestricted -p -s EventLog","C:\WINDOWS\System32\svchost.exe","53a39b900e3bfbf384acd13f0fc2329fa8d42b61e993d8ed5adf3a1428005d26","No security vendors flagged this file as malicious"
"2932","svchost.exe","C:\WINDOWS\system32\svchost.exe -k LocalServiceNetworkRestricted -p -s NgcCtnrSvc","C:\WINDOWS\system32\svchost.exe","53a39b900e3bfbf384acd13f0fc2329fa8d42b61e993d8ed5adf3a1428005d26","No security vendors flagged this file as malicious"
"3816","svchost.exe","C:\WINDOWS\system32\svchost.exe -k LocalServiceHttp -p","C:\WINDOWS\system32\svchost.exe","53a39b900e3bfbf384acd13f0fc2329fa8d42b61e993d8ed5adf3a1428005d26","No security vendors flagged this file as malicious"
"3672","svchost.exe","C:\WINDOWS\system32\svchost.exe -k LocalServiceNetworkRestricted -p -s Dhcp","C:\WINDOWS\system32\svchost.exe","53a39b900e3bfbf384acd13f0fc2329fa8d42b61e993d8ed5adf3a1428005d26","No security vendors flagged this file as malicious"
"2084","svchost.exe","C:\WINDOWS\system32\svchost.exe -k LocalServiceNoNetwork -p","C:\WINDOWS\system32\svchost.exe","53a39b900e3bfbf384acd13f0fc2329fa8d42b61e993d8ed5adf3a1428005d26","No security vendors flagged this file as malicious"
"5392","svchost.exe","C:\WINDOWS\System32\svchost.exe -k utcsvc -p","C:\WINDOWS\System32\svchost.exe","53a39b900e3bfbf384acd13f0fc2329fa8d42b61e993d8ed5adf3a1428005d26","No security vendors flagged this file as malicious"
"4100","svchost.exe","C:\WINDOWS\system32\svchost.exe -k appmodel -p -s StateRepository","C:\WINDOWS\system32\svchost.exe","53a39b900e3bfbf384acd13f0fc2329fa8d42b61e993d8ed5adf3a1428005d26","No security vendors flagged this file as malicious"
"13228","svchost.exe","","","",""
"8064","svchost.exe","C:\WINDOWS\system32\svchost.exe -k LocalSystemNetworkRestricted -p -s DeviceAssociationService","C:\WINDOWS\system32\svchost.exe","53a39b900e3bfbf384acd13f0fc2329fa8d42b61e993d8ed5adf3a1428005d26","No security vendors flagged this file as malicious"
"6660","svchost.exe","C:\WINDOWS\system32\svchost.exe -k UnistackSvcGroup","C:\WINDOWS\system32\svchost.exe","53a39b900e3bfbf384acd13f0fc2329fa8d42b61e993d8ed5adf3a1428005d26","No security vendors flagged this file as malicious"
"3312","svchost.exe","C:\WINDOWS\System32\svchost.exe -k netsvcs -p -s Themes","C:\WINDOWS\System32\svchost.exe","53a39b900e3bfbf384acd13f0fc2329fa8d42b61e993d8ed5adf3a1428005d26","No security vendors flagged this file as malicious"
"5056","svchost.exe","C:\WINDOWS\System32\svchost.exe -k NetworkService -p -s LanmanWorkstation","C:\WINDOWS\System32\svchost.exe","53a39b900e3bfbf384acd13f0fc2329fa8d42b61e993d8ed5adf3a1428005d26","No security vendors flagged this file as malicious"
"3848","svchost.exe","C:\WINDOWS\System32\svchost.exe -k LocalSystemNetworkRestricted -p -s TextInputManagementService","C:\WINDOWS\System32\svchost.exe","53a39b900e3bfbf384acd13f0fc2329fa8d42b61e993d8ed5adf3a1428005d26","No security vendors flagged this file as malicious"
"14556","svchost.exe","C:\WINDOWS\system32\svchost.exe -k UdkSvcGroup -s UdkUserSvc","C:\WINDOWS\system32\svchost.exe","53a39b900e3bfbf384acd13f0fc2329fa8d42b61e993d8ed5adf3a1428005d26","No security vendors flagged this file as malicious"
"11428","svchost.exe","C:\WINDOWS\system32\svchost.exe -k netsvcs -p -s Appinfo","C:\WINDOWS\system32\svchost.exe","53a39b900e3bfbf384acd13f0fc2329fa8d42b61e993d8ed5adf3a1428005d26","No security vendors flagged this file as malicious"
"3304","svchost.exe","C:\WINDOWS\system32\svchost.exe -k LocalSystemNetworkRestricted -p -s SysMain","C:\WINDOWS\system32\svchost.exe","53a39b900e3bfbf384acd13f0fc2329fa8d42b61e993d8ed5adf3a1428005d26","No security vendors flagged this file as malicious"
"4140","svchost.exe","C:\WINDOWS\system32\svchost.exe -k LocalServiceNetworkRestricted -p -s Wcmsvc","C:\WINDOWS\system32\svchost.exe","53a39b900e3bfbf384acd13f0fc2329fa8d42b61e993d8ed5adf3a1428005d26","No security vendors flagged this file as malicious"
"1212","svchost.exe","C:\WINDOWS\system32\svchost.exe -k netsvcs -p -s Schedule","C:\WINDOWS\system32\svchost.exe","53a39b900e3bfbf384acd13f0fc2329fa8d42b61e993d8ed5adf3a1428005d26","No security vendors flagged this file as malicious"
"1980","svchost.exe","C:\WINDOWS\System32\svchost.exe -k LocalServiceNetworkRestricted -p -s lmhosts","C:\WINDOWS\System32\svchost.exe","53a39b900e3bfbf384acd13f0fc2329fa8d42b61e993d8ed5adf3a1428005d26","No security vendors flagged this file as malicious"
"14880","svchost.exe","C:\WINDOWS\System32\svchost.exe -k netsvcs -p -s BITS","C:\WINDOWS\System32\svchost.exe","53a39b900e3bfbf384acd13f0fc2329fa8d42b61e993d8ed5adf3a1428005d26","No security vendors flagged this file as malicious"
"3792","svchost.exe","C:\WINDOWS\System32\svchost.exe -k LocalServiceNetworkRestricted -p","C:\WINDOWS\System32\svchost.exe","53a39b900e3bfbf384acd13f0fc2329fa8d42b61e993d8ed5adf3a1428005d26","No security vendors flagged this file as malicious"
"6320","svchost.exe","C:\WINDOWS\system32\svchost.exe -k LocalSystemNetworkRestricted -s CmService","C:\WINDOWS\system32\svchost.exe","53a39b900e3bfbf384acd13f0fc2329fa8d42b61e993d8ed5adf3a1428005d26","No security vendors flagged this file as malicious"
"3284","svchost.exe","C:\WINDOWS\system32\svchost.exe -k LocalService -p -s DispBrokerDesktopSvc","C:\WINDOWS\system32\svchost.exe","53a39b900e3bfbf384acd13f0fc2329fa8d42b61e993d8ed5adf3a1428005d26","No security vendors flagged this file as malicious"
"5440","svchost.exe","C:\WINDOWS\System32\svchost.exe -k LocalServiceNoNetwork -p -s DPS","C:\WINDOWS\System32\svchost.exe","53a39b900e3bfbf384acd13f0fc2329fa8d42b61e993d8ed5adf3a1428005d26","No security vendors flagged this file as malicious"
"13120","svchost.exe","C:\WINDOWS\System32\svchost.exe -k LocalSystemNetworkRestricted -p","C:\WINDOWS\System32\svchost.exe","53a39b900e3bfbf384acd13f0fc2329fa8d42b61e993d8ed5adf3a1428005d26","No security vendors flagged this file as malicious"
"11384","svchost.exe","C:\WINDOWS\system32\svchost.exe -k UnistackSvcGroup -s WpnUserService","C:\WINDOWS\system32\svchost.exe","53a39b900e3bfbf384acd13f0fc2329fa8d42b61e993d8ed5adf3a1428005d26","No security vendors flagged this file as malicious"
"4912","svchost.exe","C:\WINDOWS\system32\svchost.exe -k NetworkServiceNetworkRestricted -p -s PolicyAgent","C:\WINDOWS\system32\svchost.exe","53a39b900e3bfbf384acd13f0fc2329fa8d42b61e993d8ed5adf3a1428005d26","No security vendors flagged this file as malicious"
"5916","svchost.exe","C:\WINDOWS\system32\svchost.exe -k LocalService -s W32Time","C:\WINDOWS\system32\svchost.exe","53a39b900e3bfbf384acd13f0fc2329fa8d42b61e993d8ed5adf3a1428005d26","No security vendors flagged this file as malicious"
"12704","svchost.exe","C:\WINDOWS\system32\svchost.exe -k ClipboardSvcGroup -p -s cbdhsvc","C:\WINDOWS\system32\svchost.exe","53a39b900e3bfbf384acd13f0fc2329fa8d42b61e993d8ed5adf3a1428005d26","No security vendors flagged this file as malicious"
"4044","svchost.exe","","","",""
"3252","svchost.exe","C:\WINDOWS\system32\svchost.exe -k NetworkService -p","C:\WINDOWS\system32\svchost.exe","53a39b900e3bfbf384acd13f0fc2329fa8d42b61e993d8ed5adf3a1428005d26","No security vendors flagged this file as malicious"
"4928","svchost.exe","C:\WINDOWS\System32\svchost.exe -k NetSvcs -p -s iphlpsvc","C:\WINDOWS\System32\svchost.exe","53a39b900e3bfbf384acd13f0fc2329fa8d42b61e993d8ed5adf3a1428005d26","No security vendors flagged this file as malicious"
"4904","svchost.exe","C:\WINDOWS\system32\svchost.exe -k netsvcs -p -s IKEEXT","C:\WINDOWS\system32\svchost.exe","53a39b900e3bfbf384acd13f0fc2329fa8d42b61e993d8ed5adf3a1428005d26","No security vendors flagged this file as malicious"
"4032","svchost.exe","C:\WINDOWS\system32\svchost.exe -k LocalServiceNoNetworkFirewall -p","C:\WINDOWS\system32\svchost.exe","53a39b900e3bfbf384acd13f0fc2329fa8d42b61e993d8ed5adf3a1428005d26","No security vendors flagged this file as malicious"
"1496","svchost.exe","C:\WINDOWS\system32\svchost.exe -k DcomLaunch -p","C:\WINDOWS\system32\svchost.exe","53a39b900e3bfbf384acd13f0fc2329fa8d42b61e993d8ed5adf3a1428005d26","No security vendors flagged this file as malicious"
"12020","svchost.exe","C:\WINDOWS\system32\svchost.exe -k LocalSystemNetworkRestricted -p -s PcaSvc","C:\WINDOWS\system32\svchost.exe","53a39b900e3bfbf384acd13f0fc2329fa8d42b61e993d8ed5adf3a1428005d26","No security vendors flagged this file as malicious"
"2360","svchost.exe","C:\WINDOWS\system32\svchost.exe -k LocalService -p -s nsi","C:\WINDOWS\system32\svchost.exe","53a39b900e3bfbf384acd13f0fc2329fa8d42b61e993d8ed5adf3a1428005d26","No security vendors flagged this file as malicious"
"5116","svchost.exe","C:\WINDOWS\system32\svchost.exe -k LocalSystemNetworkRestricted -p -s NgcSvc","C:\WINDOWS\system32\svchost.exe","53a39b900e3bfbf384acd13f0fc2329fa8d42b61e993d8ed5adf3a1428005d26","No security vendors flagged this file as malicious"
"1956","svchost.exe","C:\WINDOWS\system32\svchost.exe -k LocalSystemNetworkRestricted -p -s HvHost","C:\WINDOWS\system32\svchost.exe","53a39b900e3bfbf384acd13f0fc2329fa8d42b61e993d8ed5adf3a1428005d26","No security vendors flagged this file as malicious"
"5332","svchost.exe","C:\WINDOWS\system32\svchost.exe -k NetworkService -p","C:\WINDOWS\system32\svchost.exe","53a39b900e3bfbf384acd13f0fc2329fa8d42b61e993d8ed5adf3a1428005d26","No security vendors flagged this file as malicious"
"18276","svchost.exe","C:\WINDOWS\system32\svchost.exe -k netsvcsRedirectionGuard -p -s lfsvc","C:\WINDOWS\system32\svchost.exe","53a39b900e3bfbf384acd13f0fc2329fa8d42b61e993d8ed5adf3a1428005d26","No security vendors flagged this file as malicious"
"6068","Sysmon.exe","","","",""
"4","System.exe","","","",""
"19912","taskhostw.exe","","","",""
"2228","taskhostw.exe","C:\WINDOWS\system32\taskhostw.exe $(Arg0)","C:\WINDOWS\system32\taskhostw.exe","b8bbdc0b05ee10dd81615c9bd890c5485cb1b6f731c7294c6a1114b473374653","No security vendors flagged this file as malicious"
"11500","taskhostw.exe","C:\WINDOWS\system32\taskhostw.exe {222A245B-E637-4AE9-A93F-A59CA119A75E}","C:\WINDOWS\system32\taskhostw.exe","b8bbdc0b05ee10dd81615c9bd890c5485cb1b6f731c7294c6a1114b473374653","No security vendors flagged this file as malicious"
"5804","TeamViewer.exe","C:\Program Files\TeamViewer\TeamViewer.exe","C:\Program Files\TeamViewer\TeamViewer.exe","e790bac9e9a95e07432bc939b1df7cfe290fe6fbf207dafc29b8ccffa74ebbc8","No security vendors flagged this file as malicious"
"5108","TeamViewer_Service.exe","C:\Program Files\TeamViewer\TeamViewer_Service.exe","C:\Program Files\TeamViewer\TeamViewer_Service.exe","70c4ac063c953c607bcd8000b504b8d99dffe38dcb152d6d1c8ab3635ec93dc2","No security vendors flagged this file as malicious"
"12620","TiWorker.exe","C:\WINDOWS\winsxs\amd64_microsoft-windows-servicingstack_31bf3856ad364e35_10.0.26100.7295_none_a53f7c7777395343\TiWorker.exe -Embedding","C:\WINDOWS\winsxs\amd64_microsoft-windows-servicingstack_31bf3856ad364e35_10.0.26100.7295_none_a53f7c7777395343\TiWorker.exe","31d7bb3c8eefba3db399e03a8d978d496af3686e302b5e0cc5b0d7476f757ac5","No security vendors flagged this file as malicious"
"4400","TrustedInstaller.exe","C:\WINDOWS\servicing\TrustedInstaller.exe","C:\WINDOWS\servicing\TrustedInstaller.exe","f9001ade177042de72ed890efdcea3790c95a530816a1d7fd1bb86bae1696fd6","No security vendors flagged this file as malicious"
"12632","tv_w32.exe","C:\Program Files\TeamViewer\tv_w32.exe --action hooks  --log C:\Program Files\TeamViewer\TeamViewer15_Logfile.log","C:\Program Files\TeamViewer\tv_w32.exe","eeac7edc3ed11e188bdff85be28af76462faadd2737ff4ac42b4e705d46cc6c9","No security vendors flagged this file as malicious"
"12600","tv_x64.exe","C:\Program Files\TeamViewer\tv_x64.exe --action hooks  --log C:\Program Files\TeamViewer\TeamViewer15_Logfile.log","C:\Program Files\TeamViewer\tv_x64.exe","1f2102653fa1385530a966d776922b7541cb13653ad7a10311424452072eacd2","No security vendors flagged this file as malicious"
"1056","unsecapp.exe","C:\WINDOWS\system32\wbem\unsecapp.exe -Embedding","C:\WINDOWS\system32\wbem\unsecapp.exe","50f7a148c75e1ef3ba5fb219b15fa339bb705c06dea6f477abc285bb8f3ca4d3","No security vendors flagged this file as malicious"
"8588","unsecapp.exe","C:\WINDOWS\system32\wbem\unsecapp.exe -Embedding","C:\WINDOWS\system32\wbem\unsecapp.exe","50f7a148c75e1ef3ba5fb219b15fa339bb705c06dea6f477abc285bb8f3ca4d3","No security vendors flagged this file as malicious"
"14408","UserOOBEBroker.exe","C:\Windows\System32\oobe\UserOOBEBroker.exe -Embedding","C:\Windows\System32\oobe\UserOOBEBroker.exe","07bfae032958a77936dbeaf953d272681be5babd62fc5a2bee015c0cdfc6d5e4","No security vendors flagged this file as malicious"
"3056","UshUpgradeService.exe","C:\WINDOWS\System32\UshUpgradeService.exe","C:\WINDOWS\System32\UshUpgradeService.exe","fc912c5b812f8722b1286f1c97905c65a220b168728e11b7449d4f6e28b09016","No security vendors flagged this file as malicious"
"5320","vmcompute.exe","C:\WINDOWS\system32\vmcompute.exe","C:\WINDOWS\system32\vmcompute.exe","fcf47c6a215bc5f4d80724d03ef84a7238ca50ddf349ab6c427e5c4656456fe1","No security vendors flagged this file as malicious"
"15548","vmmemCmFirstBoot.exe","","","",""
"17716","vmwp.exe","C:\Windows\System32\vmwp.exe 6D43A638-C5E9-49C7-83D1-E4AB1EDDE747 0x3c4","C:\Windows\System32\vmwp.exe","b2b4f78327f5fb10d290818a90cec5406972c606d5ecbcde689420e79caca766","No security vendors flagged this file as malicious"
"3640","VSSVC.exe","C:\WINDOWS\system32\vssvc.exe","C:\WINDOWS\system32\vssvc.exe","592cc87b3fd1ecd647514b596a8f97b578996a025a502393b808bd2790dfa0c2","No security vendors flagged this file as malicious"
"5984","WavesSysSvc64.exe","C:\Program Files\Waves\MaxxAudio\WavesSysSvc64.exe","C:\Program Files\Waves\MaxxAudio\WavesSysSvc64.exe","52b2d74edea07a59914131c8b83a3607e29c9377881f053d7307f16ecd7f8189","No security vendors flagged this file as malicious"
"14356","WidgetBoard.exe","C:\Program Files\WindowsApps\MicrosoftWindows.Client.WebExperience_525.31002.150.0_x64__cw5n1h2txyewy\WidgetBoard.exe -RegisterProcessAsComServer -ServerName:Microsoft.Windows.WidgetBoardServer","C:\Program Files\WindowsApps\MicrosoftWindows.Client.WebExperience_525.31002.150.0_x64__cw5n1h2txyewy\WidgetBoard.exe","029cc30e98e258dc7c38870b49632b9c991d3a62aa09d8a094aaecdf48bb03fd","No security vendors flagged this file as malicious"
"14900","WidgetService.exe","C:\Program Files\WindowsApps\Microsoft.WidgetsPlatformRuntime_1.6.14.0_x64__8wekyb3d8bbwe\WidgetService\WidgetService.exe -RegisterProcessAsComServer -Embedding","C:\Program Files\WindowsApps\Microsoft.WidgetsPlatformRuntime_1.6.14.0_x64__8wekyb3d8bbwe\WidgetService\WidgetService.exe","7335eec0530b4fb2b8e523a16ae7d4d4f3fea3d98e00f5b608ef204eb73f6578","No security vendors flagged this file as malicious"
"1196","wininit.exe","","","",""
"1300","winlogon.exe","C:\WINDOWS\system32\winlogon.exe","C:\WINDOWS\system32\winlogon.exe","392ce05521277049b0e2585e60e5c059dbf8a1246583d65a5ca9d512c981f0da","No security vendors flagged this file as malicious"
"10952","wlanext.exe","C:\WINDOWS\system32\WLANExt.exe 2853386740512","C:\WINDOWS\system32\WLANExt.exe","c4641de81ea6ce1ffe815bead992ccd99ee0cb768291ef337d07b5773f674ad0","No security vendors flagged this file as malicious"
"18832","WmiPrvSE.exe","C:\WINDOWS\sysWOW64\wbem\wmiprvse.exe -Embedding","C:\WINDOWS\sysWOW64\wbem\wmiprvse.exe","bf5fac87bb2e1e200d0b6aadfc59f85e60e0376075263c83106ae4a0dd2f6b61","No security vendors flagged this file as malicious"
"2504","WmiPrvSE.exe","C:\WINDOWS\system32\wbem\wmiprvse.exe","C:\WINDOWS\system32\wbem\wmiprvse.exe","47c8843760f9f9c1086f844a7b746323d9edd44f453183848812f538635d12df","No security vendors flagged this file as malicious"
"18516","WmiPrvSE.exe","C:\WINDOWS\system32\wbem\wmiprvse.exe","C:\WINDOWS\system32\wbem\wmiprvse.exe","47c8843760f9f9c1086f844a7b746323d9edd44f453183848812f538635d12df","No security vendors flagged this file as malicious"
"18936","WmiPrvSE.exe","C:\WINDOWS\system32\wbem\wmiprvse.exe","C:\WINDOWS\system32\wbem\wmiprvse.exe","47c8843760f9f9c1086f844a7b746323d9edd44f453183848812f538635d12df","No security vendors flagged this file as malicious"
"18392","WmiPrvSE.exe","C:\WINDOWS\sysWOW64\wbem\wmiprvse.exe -secured -Embedding","C:\WINDOWS\sysWOW64\wbem\wmiprvse.exe","bf5fac87bb2e1e200d0b6aadfc59f85e60e0376075263c83106ae4a0dd2f6b61","No security vendors flagged this file as malicious"
"5068","WmiPrvSE.exe","C:\WINDOWS\system32\wbem\wmiprvse.exe","C:\WINDOWS\system32\wbem\wmiprvse.exe","47c8843760f9f9c1086f844a7b746323d9edd44f453183848812f538635d12df","No security vendors flagged this file as malicious"
"5308","WmiPrvSE.exe","C:\WINDOWS\system32\wbem\wmiprvse.exe","C:\WINDOWS\system32\wbem\wmiprvse.exe","47c8843760f9f9c1086f844a7b746323d9edd44f453183848812f538635d12df","No security vendors flagged this file as malicious"
"6120","WMIRegistrationService.exe","C:\WINDOWS\System32\DriverStore\FileRepository\mewmiprov.inf_amd64_d51901c26227fb29\WMIRegistrationService.exe","C:\WINDOWS\System32\DriverStore\FileRepository\mewmiprov.inf_amd64_d51901c26227fb29\WMIRegistrationService.exe","3009fd5e73f701581d4c48c544378ba5e58115751224d0763cbb302d3e604763","No security vendors flagged this file as malicious"
"1880","WUDFHost.exe","C:\Windows\System32\WUDFHost.exe -HostGUID:{193a1820-d9ac-4997-8c55-be817523f6aa} -IoEventPortName:\UMDFCommunicationPorts\WUDF\HostProcess-f81130f8-812c-4e23-a9a4-0313eb783abb -SystemEventPortName:\UMDFCommunicationPorts\WUDF\HostProcess-3c157bda-78ab-4ec4-a983-f7269bc0eec8 -IoCancelEventPortName:\UMDFCommunicationPorts\WUDF\HostProcess-0e27177b-fec6-451a-a03e-ceb3c6c40b9a -NonStateChangingEventPortName:\UMDFCommunicationPorts\WUDF\HostProcess-813273d1-3651-420a-9ed9-b16bc0efbe70 -LifetimeId:791c6674-f63a-4b24-ba81-5a34f5fe8302 -DeviceGroupId: -HostArg:0","C:\Windows\System32\WUDFHost.exe","0a2030cd5ed129ebe99bd5370d37f76f340aed099af69c8f452b1172b5c9f677","No security vendors flagged this file as malicious"
"1544","WUDFHost.exe","C:\Windows\System32\WUDFHost.exe -HostGUID:{193a1820-d9ac-4997-8c55-be817523f6aa} -IoEventPortName:\UMDFCommunicationPorts\WUDF\HostProcess-b60e81fa-b046-493a-b540-37db45cacf48 -SystemEventPortName:\UMDFCommunicationPorts\WUDF\HostProcess-d2aec680-2e74-461d-b678-d11e03c1aa0e -IoCancelEventPortName:\UMDFCommunicationPorts\WUDF\HostProcess-a6759134-3e53-4d74-a6a4-7d78ee1eb8dc -NonStateChangingEventPortName:\UMDFCommunicationPorts\WUDF\HostProcess-97d7eef4-6f6e-4566-9836-5bacf0a12c2a -LifetimeId:fcdd3168-f384-48d0-995e-9d7cadeeefa2 -DeviceGroupId:WudfDefaultDevicePool -HostArg:0","C:\Windows\System32\WUDFHost.exe","0a2030cd5ed129ebe99bd5370d37f76f340aed099af69c8f452b1172b5c9f677","No security vendors flagged this file as malicious"
"2144","WUDFHost.exe","C:\Windows\System32\WUDFHost.exe -HostGUID:{193a1820-d9ac-4997-8c55-be817523f6aa} -IoEventPortName:\UMDFCommunicationPorts\WUDF\HostProcess-984c2baa-fea9-4243-9455-400902fe1b34 -SystemEventPortName:\UMDFCommunicationPorts\WUDF\HostProcess-7e4d06f2-620d-4312-b0e4-9bdc4bdd519e -IoCancelEventPortName:\UMDFCommunicationPorts\WUDF\HostProcess-f2225117-5432-411e-bb13-b5433ab22763 -NonStateChangingEventPortName:\UMDFCommunicationPorts\WUDF\HostProcess-79a01094-4d0d-421e-a6a9-b6888581f989 -LifetimeId:fad1bccd-dbd8-4586-a71c-e062064ef368 -DeviceGroupId: -HostArg:0","C:\Windows\System32\WUDFHost.exe","0a2030cd5ed129ebe99bd5370d37f76f340aed099af69c8f452b1172b5c9f677","No security vendors flagged this file as malicious"
